SITE_ID,SAMPLE_ID,VISIT_NO,INDXSAMP_LDC,SAMPLE_TYPE,SAMPLE_CATEGORY,PRIMESEDT,LDC_ADJ
NLA06608-0002,514187,1,YES,SEDT,P,1,8.399121001
NLA06608-0002,512917,2,NO,SEDT,P,,-3.193707718
NLA06608-0003,509047,1,YES,SEDT,P,1,11.7829658
NLA06608-0003,514907,2,NO,SEDT,P,,5.585403511
NLA06608-0004,508557,1,YES,SEDT,P,1,-7.822884403
NLA06608-0004,503317,2,NO,SEDT,P,,-9.50810032
NLA06608-0004,508537,2,NO,SEDT,D,,-3.528821608
NLA06608-0005,502967,1,YES,SEDT,P,1,2.481201139
NLA06608-0005,502968,1,YES,SEDB,P,,7.436478823
NLA06608-0005,511077,2,NO,SEDT,P,,1.399983523
NLA06608-0005,511078,2,NO,SEDB,P,,10.49402211
NLA06608-0006,508847,1,YES,SEDT,P,1,-15.84857408
NLA06608-0006,508848,1,YES,SEDB,P,,-5.935742733
NLA06608-0006,510047,2,NO,SEDT,P,,-12.15392212
NLA06608-0006,510048,2,NO,SEDB,P,,1.545075598
NLA06608-0007,505217,1,YES,SEDT,P,1,12.16478878
NLA06608-0007,505218,1,YES,SEDB,P,,5.13891629
NLA06608-0007,515807,2,NO,SEDT,P,,12.79049025
NLA06608-0007,515808,2,NO,SEDB,P,,7.869787275
NLA06608-0008,513447,1,YES,SEDT,P,1,-11.14887994
NLA06608-0008,513937,2,NO,SEDT,P,,-6.055455677
NLA06608-0010,503797,1,YES,SEDT,P,1,-14.62872109
NLA06608-0010,503798,1,YES,SEDB,P,,-1.497049308
NLA06608-0010,515417,2,NO,SEDT,P,,-21.84299552
NLA06608-0010,515418,2,NO,SEDB,P,,-6.692597616
NLA06608-0012,502617,1,YES,SEDT,P,1,2.604217349
NLA06608-0012,516817,2,NO,SEDT,P,,-19.75225622
NLA06608-0013,517188,1,YES,SEDT,P,1,3.234844706
NLA06608-0014,512407,1,YES,SEDT,P,1,-24.79648802
NLA06608-0014,512408,1,YES,SEDB,P,,-28.29018366
NLA06608-0014,503247,2,NO,SEDT,P,,-25.87042304
NLA06608-0015,504787,1,YES,SEDT,P,1,-8.524399685
NLA06608-0015,507688,2,NO,SEDT,P,,2.779119809
NLA06608-0015,510098,2,NO,SEDT,D,,3.343553368
NLA06608-0016,514467,1,YES,SEDT,P,1,-6.594157904
NLA06608-0016,505407,2,NO,SEDT,P,,-15.40496847
NLA06608-0019,502678,1,YES,SEDT,P,1,-35.87981714
NLA06608-0019,502677,1,YES,SEDB,P,,-31.73901192
NLA06608-0019,504738,2,NO,SEDT,P,,-36.68068058
NLA06608-0019,504737,2,NO,SEDB,P,,-25.08377982
NLA06608-0020,517807,1,YES,SEDT,P,1,-7.790334981
NLA06608-0021,504667,2,YES,SEDT,P,2,-22.62978186
NLA06608-0021,504668,2,YES,SEDB,P,,-13.92457186
NLA06608-0023,508957,1,YES,SEDT,P,1,-1.979565853
NLA06608-0023,516887,2,NO,SEDT,P,,-1.887961497
NLA06608-0024,514777,1,YES,SEDT,P,1,-20.55154134
NLA06608-0024,504167,2,NO,SEDT,P,,-5.340988317
NLA06608-0025,514337,1,YES,SEDT,P,1,6.975770905
NLA06608-0025,509417,2,NO,SEDT,P,,-3.912789352
NLA06608-0029,505097,1,YES,SEDT,P,1,2.519465
NLA06608-0029,505098,1,YES,SEDB,P,,18.36957312
NLA06608-0029,505358,2,NO,SEDT,P,,10.12985039
NLA06608-0029,505138,2,NO,SEDB,P,,6.847707008
NLA06608-0031,515047,1,YES,SEDT,P,1,-19.95346932
NLA06608-0031,509328,2,NO,SEDT,P,,-25.70185447
NLA06608-0033,506238,1,YES,SEDT,P,1,-6.971657262
NLA06608-0033,506237,1,YES,SEDB,P,,-5.439334036
NLA06608-0033,517707,2,NO,SEDT,P,,-9.379853228
NLA06608-0033,517708,2,NO,SEDB,P,,-7.857600265
NLA06608-0037,508837,1,YES,SEDT,P,1,-32.03568745
NLA06608-0037,508838,1,YES,SEDB,P,,-17.12990591
NLA06608-0037,517837,2,NO,SEDT,P,,-28.13705308
NLA06608-0037,517838,2,NO,SEDB,P,,-16.43118338
NLA06608-0038,505567,1,YES,SEDT,P,1,13.38236195
NLA06608-0038,505568,1,YES,SEDB,P,,6.060361225
NLA06608-0038,509087,2,NO,SEDT,P,,1.938382295
NLA06608-0038,509088,2,NO,SEDB,P,,3.286890827
NLA06608-0041,502587,1,YES,SEDT,P,1,4.174238562
NLA06608-0041,502498,2,NO,SEDT,P,,8.477816066
NLA06608-0042,505927,1,YES,SEDT,P,1,-12.70933464
NLA06608-0042,511667,2,NO,SEDT,P,,-7.93239933
NLA06608-0043,512707,1,YES,SEDT,P,1,-7.666143488
NLA06608-0043,512708,1,YES,SEDB,P,,0.082326749
NLA06608-0043,513107,2,NO,SEDT,P,,-15.62380839
NLA06608-0043,513108,2,NO,SEDB,P,,4.988591533
NLA06608-0044,503707,1,YES,SEDT,P,1,-24.09948681
NLA06608-0044,514468,1,YES,SEDB,P,,-17.48468723
NLA06608-0044,513707,2,NO,SEDT,P,,-15.34346007
NLA06608-0044,513708,2,NO,SEDB,P,,-17.1585893
NLA06608-0045,505707,1,YES,SEDT,P,1,-3.065625952
NLA06608-0045,502077,2,NO,SEDT,P,,0.135152746
NLA06608-0048,513007,1,YES,SEDT,P,1,-14.92214518
NLA06608-0048,513008,1,YES,SEDB,P,,-36.86537982
NLA06608-0048,510547,2,NO,SEDT,P,,-19.74564721
NLA06608-0048,510548,2,NO,SEDB,P,,-27.43031197
NLA06608-0049,509747,1,YES,SEDT,P,1,8.15040067
NLA06608-0050,508677,1,YES,SEDT,P,1,-2.067437857
NLA06608-0050,508678,1,YES,SEDB,P,,-4.3896045
NLA06608-0050,511067,2,NO,SEDT,P,,2.351415444
NLA06608-0050,511068,2,NO,SEDB,P,,2.707112345
NLA06608-0053,506807,1,YES,SEDT,P,1,-5.256123824
NLA06608-0053,506808,1,YES,SEDB,P,,6.716003009
NLA06608-0053,517547,2,NO,SEDT,P,,-12.37470085
NLA06608-0053,517548,2,NO,SEDB,P,,-17.09461608
NLA06608-0057,514817,1,YES,SEDT,P,1,-23.64252375
NLA06608-0057,506877,2,NO,SEDT,P,,-15.32904042
NLA06608-0057,507297,2,NO,SEDT,D,,-11.9813201
NLA06608-0061,502437,1,YES,SEDT,P,1,5.660096572
NLA06608-0061,509577,2,NO,SEDT,P,,14.76832539
NLA06608-0062,512327,1,YES,SEDT,P,1,-29.98463535
NLA06608-0062,512328,1,YES,SEDB,P,,-40.29804172
NLA06608-0062,517477,2,NO,SEDT,P,,-31.17712944
NLA06608-0062,517478,2,NO,SEDB,P,,-36.0605293
NLA06608-0064,514487,1,YES,SEDT,P,1,-18.66664025
NLA06608-0064,514488,1,YES,SEDB,P,,-13.79596736
NLA06608-0064,513797,2,NO,SEDT,P,,-21.23104331
NLA06608-0064,513798,2,NO,SEDB,P,,-23.56864123
NLA06608-0065,507567,1,YES,SEDT,P,1,4.875681158
NLA06608-0065,507568,1,YES,SEDB,P,,6.776748498
NLA06608-0065,509477,2,NO,SEDT,P,,20.68263813
NLA06608-0065,509478,2,NO,SEDB,P,,18.72174143
NLA06608-0066,502638,1,YES,SEDT,P,1,-6.127529248
NLA06608-0066,517867,2,NO,SEDT,P,,1.082600853
NLA06608-0068,508567,1,YES,SEDT,P,1,-6.059389991
NLA06608-0068,513097,2,NO,SEDT,P,,10.69297068
NLA06608-0068,513117,2,NO,SEDT,D,,9.258617786
NLA06608-0069,507327,1,YES,SEDT,P,1,-22.5423245
NLA06608-0069,507328,1,YES,SEDB,P,,-2.821527272
NLA06608-0069,512397,2,NO,SEDT,P,,-17.07779135
NLA06608-0069,512398,2,NO,SEDB,P,,-10.81937891
NLA06608-0071,516527,1,YES,SEDT,P,1,-14.3364014
NLA06608-0071,516528,1,YES,SEDB,P,,-24.47748822
NLA06608-0071,518017,2,NO,SEDT,P,,-29.92430149
NLA06608-0071,518018,2,NO,SEDB,P,,-20.389793
NLA06608-0072,507117,1,YES,SEDT,P,1,-5.317245422
NLA06608-0072,507657,2,NO,SEDT,P,,-12.33841672
NLA06608-0073,502417,1,NO,SEDT,P,,-6.92588291
NLA06608-0073,510757,2,YES,SEDT,P,2,-5.301632507
NLA06608-0073,510758,2,YES,SEDB,P,,-7.678306575
NLA06608-0076,514737,1,YES,SEDT,P,1,-13.89250275
NLA06608-0076,516457,2,NO,SEDT,D,,-6.567159804
NLA06608-0076,516467,2,NO,SEDT,P,,-3.535577479
NLA06608-0077,517848,1,YES,SEDT,P,1,-36.93949824
NLA06608-0077,517217,2,NO,SEDT,P,,-46.41852975
NLA06608-0078,504627,1,YES,SEDT,P,1,-25.53908739
NLA06608-0078,504628,1,YES,SEDB,P,,-24.82430188
NLA06608-0078,509267,2,NO,SEDT,P,,-35.11664021
NLA06608-0079,508587,1,YES,SEDT,P,1,-28.90702757
NLA06608-0079,508588,1,YES,SEDB,P,,-30.28726442
NLA06608-0079,502128,2,NO,SEDT,P,,-29.66767888
NLA06608-0079,503727,2,NO,SEDT,D,,-26.61366282
NLA06608-0079,502127,2,NO,SEDB,P,,-35.46425697
NLA06608-0079,503728,2,NO,SEDB,D,,-37.39302532
NLA06608-0080,517207,1,YES,SEDT,P,1,-22.61490323
NLA06608-0080,516267,2,NO,SEDT,P,,-27.60760218
NLA06608-0080,516268,2,NO,SEDB,P,,-25.12716801
NLA06608-0081,506367,1,YES,SEDT,P,1,-2.438802307
NLA06608-0081,506368,1,YES,SEDB,P,,13.19888894
NLA06608-0081,517777,2,NO,SEDT,P,,-8.614574816
NLA06608-0081,517778,2,NO,SEDB,P,,17.00733827
NLA06608-0083,502697,1,YES,SEDT,P,1,-22.58088201
NLA06608-0083,502698,1,YES,SEDB,P,,-22.37969963
NLA06608-0083,506977,2,NO,SEDT,P,,-20.3990887
NLA06608-0083,506978,2,NO,SEDB,P,,-23.12443847
NLA06608-0085,503057,1,YES,SEDT,P,1,-6.786838997
NLA06608-0085,511467,2,NO,SEDT,P,,-10.45499102
NLA06608-0086,504057,1,NO,SEDT,P,,4.987768992
NLA06608-0086,517347,2,YES,SEDT,P,2,-1.405750719
NLA06608-0086,517348,2,YES,SEDB,P,,15.93138326
NLA06608-0089,514197,1,YES,SEDT,P,1,-5.564701988
NLA06608-0089,509377,2,NO,SEDT,P,,-9.825329696
NLA06608-0090,504967,1,YES,SEDT,P,1,-12.89740456
NLA06608-0090,504968,1,YES,SEDB,P,,-28.94338585
NLA06608-0090,509307,2,NO,SEDT,P,,-11.94476851
NLA06608-0090,509308,2,NO,SEDB,P,,-8.509008156
NLA06608-0091,514978,1,YES,SEDT,P,1,-12.79672668
NLA06608-0091,514977,1,YES,SEDB,P,,-18.39999948
NLA06608-0091,509987,2,NO,SEDT,P,,-16.75021894
NLA06608-0091,509988,2,NO,SEDB,P,,-21.35657449
NLA06608-0099,514897,1,YES,SEDT,P,1,-6.500362397
NLA06608-0099,514898,1,YES,SEDB,P,,-6.844680903
NLA06608-0099,515797,2,NO,SEDT,P,,-4.052876123
NLA06608-0099,515798,2,NO,SEDB,P,,-5.782550343
NLA06608-0101,512227,1,YES,SEDT,P,1,-1.223842432
NLA06608-0101,512228,1,YES,SEDB,P,,3.226582022
NLA06608-0102,513347,1,YES,SEDT,P,1,-6.755049419
NLA06608-0102,513348,1,YES,SEDB,P,,-14.92295714
NLA06608-0104,506357,1,YES,SEDT,P,1,-29.25049022
NLA06608-0104,512347,2,NO,SEDT,P,,-25.43855
NLA06608-0105,502407,1,YES,SEDT,P,1,-0.518411816
NLA06608-0105,510988,2,NO,SEDT,P,,6.564952064
NLA06608-0107,514707,1,YES,SEDT,P,1,2.712133784
NLA06608-0107,514708,1,YES,SEDB,P,,-1.852143366
NLA06608-0110,512557,1,YES,SEDT,P,1,11.02889973
NLA06608-0110,512558,1,YES,SEDB,P,,0.803832305
NLA06608-0111,515017,1,YES,SEDT,P,1,-21.07069888
NLA06608-0112,502267,1,YES,SEDT,P,1,-23.30536826
NLA06608-0113,505577,1,YES,SEDT,P,1,-15.0954973
NLA06608-0113,505578,1,YES,SEDB,P,,-8.779722686
NLA06608-0115,505177,1,YES,SEDT,P,1,-20.43762125
NLA06608-0115,505178,1,YES,SEDB,P,,-0.584252334
NLA06608-0116,503347,1,YES,SEDT,P,1,11.20479622
NLA06608-0120,502568,1,YES,SEDT,P,1,-16.21591468
NLA06608-0120,517007,2,NO,SEDT,P,,-14.8867911
NLA06608-0124,512187,1,YES,SEDT,P,1,-27.74971673
NLA06608-0124,512188,1,YES,SEDB,P,,-32.79388149
NLA06608-0126,503457,1,YES,SEDT,P,1,-34.07027627
NLA06608-0126,503458,1,YES,SEDB,P,,-20.42516045
NLA06608-0126,517367,2,NO,SEDT,P,,-25.68513137
NLA06608-0126,517368,2,NO,SEDB,P,,-21.21806039
NLA06608-0127,505607,1,YES,SEDT,P,1,-2.024842858
NLA06608-0128,514107,1,YES,SEDT,P,1,-10.66741155
NLA06608-0128,510177,2,NO,SEDT,P,,-6.121601123
NLA06608-0129,507727,1,YES,SEDT,P,1,10.94865757
NLA06608-0129,507728,1,YES,SEDB,P,,5.599307231
NLA06608-0130,511967,1,YES,SEDT,P,1,-8.191978788
NLA06608-0132,511127,1,YES,SEDT,P,1,-1.789564606
NLA06608-0134,508137,1,YES,SEDT,P,1,-12.37601796
NLA06608-0134,508138,1,YES,SEDB,P,,-4.334973288
NLA06608-0139,504418,1,YES,SEDT,P,1,-24.38013974
NLA06608-0139,504417,1,YES,SEDB,P,,-27.42661231
NLA06608-0140,514857,1,YES,SEDT,P,1,-20.29611689
NLA06608-0141,505348,1,YES,SEDT,P,1,-2.243090706
NLA06608-0141,505347,1,YES,SEDB,P,,3.663504654
NLA06608-0142,514847,1,YES,SEDT,P,1,2.204023723
NLA06608-0142,514848,1,YES,SEDB,P,,-13.55722175
NLA06608-0144,514657,1,YES,SEDT,P,1,-11.34842824
NLA06608-0144,508947,2,NO,SEDT,P,,-11.87437283
NLA06608-0148,503897,1,YES,SEDT,P,1,-2.143363329
NLA06608-0149,505657,1,YES,SEDT,P,1,-11.18693743
NLA06608-0149,505658,1,YES,SEDB,P,,3.384742611
NLA06608-0150,509937,1,YES,SEDT,P,1,-8.863803255
NLA06608-0150,509938,1,YES,SEDB,P,,-10.9308891
NLA06608-0152,509197,1,YES,SEDT,P,1,-16.25831797
NLA06608-0153,512108,1,YES,SEDT,P,1,11.90843319
NLA06608-0155,503868,1,YES,SEDT,P,1,-19.86376465
NLA06608-0155,503867,1,YES,SEDB,P,,-22.46630175
NLA06608-0158,511698,1,YES,SEDT,P,1,5.261717432
NLA06608-0158,511697,1,YES,SEDB,P,,5.644897213
NLA06608-0161,513687,1,YES,SEDT,P,1,-17.91933378
NLA06608-0161,513688,1,YES,SEDB,P,,-17.80023974
NLA06608-0162,509557,1,YES,SEDT,P,1,-2.352485371
NLA06608-0162,509558,1,YES,SEDB,P,,1.93401424
NLA06608-0167,506747,1,YES,SEDT,P,1,-34.59737437
NLA06608-0167,506748,1,YES,SEDB,P,,-11.41001122
NLA06608-0167,509817,2,NO,SEDT,P,,-46.31144736
NLA06608-0167,509818,2,NO,SEDB,P,,-32.11788739
NLA06608-0168,514297,1,YES,SEDT,P,1,-12.2863011
NLA06608-0169,502377,1,YES,SEDT,P,1,-20.48225216
NLA06608-0169,509857,2,NO,SEDT,P,,-11.48946632
NLA06608-0170,517447,1,YES,SEDT,P,1,-2.981894024
NLA06608-0170,517448,1,YES,SEDB,P,,-6.722693366
NLA06608-0173,508078,1,YES,SEDT,P,1,38.15579804
NLA06608-0174,506287,1,YES,SEDT,P,1,-39.8200359
NLA06608-0174,506288,1,YES,SEDB,P,,-34.15987894
NLA06608-0174,515378,2,NO,SEDT,P,,-25.22978132
NLA06608-0174,515377,2,NO,SEDB,P,,-30.69525036
NLA06608-0175,509787,1,YES,SEDT,P,1,-8.481441957
NLA06608-0176,516277,1,YES,SEDT,P,1,-4.260495808
NLA06608-0176,516278,1,YES,SEDB,P,,5.747838176
NLA06608-0177,512247,1,YES,SEDT,P,1,2.483921873
NLA06608-0179,503147,1,YES,SEDT,P,1,-13.59498425
NLA06608-0179,515597,2,NO,SEDT,P,,-12.5175708
NLA06608-0180,510107,1,YES,SEDT,P,1,-14.17791787
NLA06608-0183,505167,1,YES,SEDT,P,1,-11.89962564
NLA06608-0183,505168,1,YES,SEDB,P,,-9.360200806
NLA06608-0184,514937,1,YES,SEDT,P,1,-19.22323139
NLA06608-0185,507237,1,YES,SEDT,P,1,1.422670971
NLA06608-0189,502747,1,YES,SEDT,P,1,-20.55964711
NLA06608-0189,506018,2,NO,SEDT,P,,-7.456082318
NLA06608-0190,507697,1,YES,SEDT,P,1,13.01246709
NLA06608-0190,507698,1,YES,SEDB,P,,5.37056034
NLA06608-0191,512427,1,YES,SEDT,P,1,-3.033961783
NLA06608-0195,503447,1,YES,SEDT,P,1,-31.27236462
NLA06608-0195,503448,1,YES,SEDB,P,,-38.67119513
NLA06608-0198,510657,1,YES,SEDT,P,1,-25.71700735
NLA06608-0198,510658,1,YES,SEDB,P,,-21.79652753
NLA06608-0203,513397,1,YES,SEDT,P,1,-0.736449793
NLA06608-0204,517027,1,YES,SEDT,P,1,-14.0426202
NLA06608-0207,503077,1,YES,SEDT,P,1,-0.302149513
NLA06608-0207,509207,2,NO,SEDT,P,,15.09230937
NLA06608-0208,518187,1,YES,SEDT,P,1,12.66193657
NLA06608-0209,506208,1,YES,SEDT,P,1,-3.528561054
NLA06608-0209,506207,1,YES,SEDB,P,,7.933584834
NLA06608-0209,517747,2,NO,SEDT,P,,-3.103076029
NLA06608-0209,517748,2,NO,SEDB,P,,-0.888987175
NLA06608-0211,511777,1,YES,SEDT,P,1,5.289782022
NLA06608-0211,511778,1,YES,SEDB,P,,1.594507301
NLA06608-0212,513037,1,YES,SEDT,P,1,-11.20531125
NLA06608-0215,510257,1,YES,SEDT,P,1,-28.94247841
NLA06608-0215,510258,1,YES,SEDB,P,,-37.34528265
NLA06608-0216,514517,1,YES,SEDT,P,1,-21.40482472
NLA06608-0217,505507,1,YES,SEDT,P,1,-0.271032299
NLA06608-0219,511577,1,YES,SEDT,P,1,3.19731949
NLA06608-0219,511578,1,YES,SEDB,P,,-13.05294832
NLA06608-0220,513357,1,YES,SEDT,P,1,-36.09739234
NLA06608-0220,513358,1,YES,SEDB,P,,-33.73186562
NLA06608-0221,506127,1,YES,SEDT,P,1,-10.64818507
NLA06608-0222,503657,1,YES,SEDT,P,1,-25.33307357
NLA06608-0222,503658,1,YES,SEDB,P,,-26.10680662
NLA06608-0223,502917,1,YES,SEDT,P,1,0.80003609
NLA06608-0223,502827,2,NO,SEDT,P,,5.709127923
NLA06608-0224,506027,1,YES,SEDT,P,1,-12.58173962
NLA06608-0224,516477,2,NO,SEDT,P,,-22.67667046
NLA06608-0225,514038,1,YES,SEDT,P,1,-3.755177931
NLA06608-0226,508468,1,YES,SEDT,P,1,7.067736308
NLA06608-0226,508467,1,YES,SEDB,P,,0.797205097
NLA06608-0228,502288,1,YES,SEDT,P,1,-9.593647502
NLA06608-0228,502297,1,NO,SEDT,D,,-12.16376774
NLA06608-0228,504887,2,NO,SEDT,P,,-15.21341092
NLA06608-0229,517427,1,YES,SEDT,P,1,13.96864049
NLA06608-0229,517428,1,YES,SEDB,P,,17.81728749
NLA06608-0234,515567,1,YES,SEDT,P,1,-8.592370102
NLA06608-0234,515568,1,YES,SEDB,P,,8.389931151
NLA06608-0235,514998,1,YES,SEDT,P,1,-22.23712561
NLA06608-0235,514997,1,YES,SEDB,P,,3.845714985
NLA06608-0237,502427,1,YES,SEDT,P,1,3.63745781
NLA06608-0237,515147,2,NO,SEDT,P,,11.05687897
NLA06608-0238,503637,1,YES,SEDT,P,1,-26.11682572
NLA06608-0238,503638,1,YES,SEDB,P,,-2.23237822
NLA06608-0239,507067,1,YES,SEDT,P,1,-21.47386761
NLA06608-0240,507617,1,YES,SEDT,P,1,-6.878830624
NLA06608-0241,502997,1,YES,SEDT,P,1,1.052468606
NLA06608-0242,513537,1,YES,SEDT,P,1,7.217430035
NLA06608-0242,513538,1,YES,SEDB,P,,-5.32476367
NLA06608-0243,513067,1,YES,SEDT,P,1,2.140945997
NLA06608-0244,514587,1,YES,SEDT,P,1,-23.59466592
NLA06608-0245,507347,1,YES,SEDT,P,1,7.627288323
NLA06608-0247,512778,1,YES,SEDT,P,1,-18.40888698
NLA06608-0247,512777,1,YES,SEDB,P,,-19.67245373
NLA06608-0253,508447,1,YES,SEDT,P,1,-9.066199597
NLA06608-0254,506548,1,YES,SEDT,P,1,-20.18221163
NLA06608-0254,506547,1,YES,SEDB,P,,-18.4384114
NLA06608-0255,508217,1,YES,SEDT,P,1,-2.782322132
NLA06608-0257,507577,1,YES,SEDT,P,1,-1.310256393
NLA06608-0259,515137,1,YES,SEDT,P,1,-29.2987675
NLA06608-0259,515138,1,YES,SEDB,P,,-32.57720046
NLA06608-0260,503517,1,YES,SEDT,P,1,11.1194725
NLA06608-0268,516647,1,YES,SEDT,P,1,-3.356142829
NLA06608-0271,505427,1,YES,SEDT,P,1,-24.64258907
NLA06608-0275,515157,1,YES,SEDT,P,1,-18.83206265
NLA06608-0275,515158,1,YES,SEDB,P,,-18.78597856
NLA06608-0276,507037,1,YES,SEDT,P,1,0.138724834
NLA06608-0279,502117,1,YES,SEDT,P,1,-9.433123445
NLA06608-0279,502118,1,YES,SEDB,P,,-10.4261176
NLA06608-0280,515007,1,YES,SEDT,P,1,-12.83107876
NLA06608-0281,506117,1,YES,SEDT,P,1,1.696131126
NLA06608-0284,510627,1,YES,SEDT,P,1,1.386296224
NLA06608-0285,504587,1,YES,SEDT,P,1,7.708336087
NLA06608-0285,504588,1,YES,SEDB,P,,21.71078542
NLA06608-0290,504567,1,YES,SEDT,P,1,-15.41417035
NLA06608-0290,517567,2,NO,SEDT,P,,-14.00327943
NLA06608-0291,505147,1,YES,SEDT,P,1,-18.02676955
NLA06608-0291,505148,1,YES,SEDB,P,,-5.715725927
NLA06608-0293,508827,1,YES,SEDT,P,1,-19.38803792
NLA06608-0293,508828,1,YES,SEDB,P,,-12.31369028
NLA06608-0294,505558,1,YES,SEDT,P,1,-16.10582684
NLA06608-0294,505557,1,YES,SEDB,P,,-11.21850214
NLA06608-0297,512367,1,YES,SEDT,P,1,6.257061279
NLA06608-0299,513957,1,YES,SEDT,P,1,-21.51503578
NLA06608-0299,513958,1,YES,SEDB,P,,-13.7178233
NLA06608-0302,506537,1,YES,SEDT,P,1,-44.16554995
NLA06608-0302,506538,1,YES,SEDB,P,,-26.20185448
NLA06608-0303,511257,1,YES,SEDT,P,1,-32.00067366
NLA06608-0306,515187,1,YES,SEDT,P,1,-3.61451372
NLA06608-0312,514567,1,YES,SEDT,P,1,-11.98603819
NLA06608-0313,505387,1,YES,SEDT,P,1,10.44512596
NLA06608-0318,505977,1,YES,SEDT,P,1,-15.17486376
NLA06608-0318,505978,1,YES,SEDB,P,,-16.63490561
NLA06608-0319,512997,1,YES,SEDT,P,1,-6.434293378
NLA06608-0324,511027,1,YES,SEDT,P,1,-17.25758333
NLA06608-0325,507857,1,YES,SEDT,P,1,-17.20142901
NLA06608-0325,507858,1,YES,SEDB,P,,-24.76659889
NLA06608-0326,509827,1,YES,SEDT,P,1,13.97395075
NLA06608-0326,509828,1,YES,SEDB,P,,8.284915659
NLA06608-0327,502197,1,YES,SEDT,P,1,27.01361588
NLA06608-0328,512697,1,YES,SEDT,P,1,-2.138050131
NLA06608-0328,507997,2,NO,SEDT,P,,-2.538973185
NLA06608-0330,510997,1,YES,SEDT,P,1,-18.16779707
NLA06608-0332,509887,1,YES,SEDT,P,1,-8.403638852
NLA06608-0333,514717,1,YES,SEDT,P,1,-7.198153993
NLA06608-0333,514718,1,YES,SEDB,P,,-14.37237491
NLA06608-0334,503297,1,YES,SEDT,P,1,-32.86919467
NLA06608-0334,503298,1,YES,SEDB,P,,-17.29360661
NLA06608-0337,506377,1,YES,SEDT,P,1,25.26407714
NLA06608-0337,506378,1,YES,SEDB,P,,45.29854632
NLA06608-0339,514137,1,YES,SEDT,P,1,-42.86765766
NLA06608-0339,514138,1,YES,SEDB,P,,-33.41650347
NLA06608-0340,503337,1,YES,SEDT,P,1,5.753565506
NLA06608-0341,517577,1,YES,SEDT,P,1,-26.35258513
NLA06608-0341,517578,1,YES,SEDB,P,,-25.80967647
NLA06608-0343,512167,1,YES,SEDT,P,1,-28.08540242
NLA06608-0343,512168,1,YES,SEDB,P,,-24.76563309
NLA06608-0344,504447,1,YES,SEDT,P,1,-11.56177017
NLA06608-0345,515077,1,YES,SEDT,P,1,-23.19910902
NLA06608-0350,514887,1,YES,SEDT,P,1,1.574137452
NLA06608-0350,514888,1,YES,SEDB,P,,2.224218806
NLA06608-0354,505477,1,YES,SEDT,P,1,-7.264592015
NLA06608-0356,504847,1,YES,SEDT,P,1,-20.82568408
NLA06608-0357,507027,1,YES,SEDT,P,1,1.71669071
NLA06608-0358,505467,1,YES,SEDT,P,1,5.451323122
NLA06608-0358,505468,1,YES,SEDB,P,,-4.716339951
NLA06608-0359,503067,1,YES,SEDT,P,1,-26.36059905
NLA06608-0359,503068,1,YES,SEDB,P,,-14.56076832
NLA06608-0361,507337,1,YES,SEDT,P,1,-1.712619874
NLA06608-0363,511527,1,YES,SEDT,P,1,-16.67625552
NLA06608-0363,511528,1,YES,SEDB,P,,-2.333784931
NLA06608-0366,502097,1,YES,SEDT,P,1,-20.50712534
NLA06608-0366,502098,1,YES,SEDB,P,,-40.27330006
NLA06608-0367,508977,1,YES,SEDT,P,1,-15.37861302
NLA06608-0369,505587,1,YES,SEDT,P,1,-11.82400574
NLA06608-0369,505588,1,YES,SEDB,P,,-7.991258106
NLA06608-0372,502037,1,YES,SEDT,P,1,-3.635277604
NLA06608-0373,504837,1,YES,SEDT,P,1,-10.88731031
NLA06608-0377,502507,1,YES,SEDT,P,1,-18.54343449
NLA06608-0378,514077,1,YES,SEDT,P,1,3.041813192
NLA06608-0384,503477,1,YES,SEDT,P,1,-27.99973821
NLA06608-0384,503478,1,YES,SEDB,P,,-36.06283248
NLA06608-0385,510637,1,YES,SEDT,P,1,-10.83370047
NLA06608-0385,510638,1,YES,SEDB,P,,-36.37380284
NLA06608-0386,506057,1,YES,SEDT,P,1,-4.718188124
NLA06608-0393,507147,1,YES,SEDT,P,1,17.38959307
NLA06608-0395,505997,1,YES,SEDT,P,1,-18.6141716
NLA06608-0399,507907,1,YES,SEDT,P,1,-11.95805816
NLA06608-0399,507908,1,YES,SEDB,P,,-7.083818471
NLA06608-0401,513087,1,YES,SEDT,P,1,-9.301753934
NLA06608-0401,513088,1,YES,SEDB,P,,-6.50735295
NLA06608-0402,517297,2,YES,SEDT,P,2,-17.1544314
NLA06608-0403,508418,1,YES,SEDT,P,1,-10.49296328
NLA06608-0403,508417,1,YES,SEDB,P,,-15.73037616
NLA06608-0405,517077,1,YES,SEDT,P,1,-8.567666358
NLA06608-0406,512087,1,YES,SEDT,P,1,15.07017708
NLA06608-0407,503877,1,YES,SEDT,P,1,-39.82986651
NLA06608-0407,503878,1,YES,SEDB,P,,-29.5799393
NLA06608-0408,502557,1,YES,SEDT,P,1,4.095362818
NLA06608-0413,506767,1,YES,SEDT,P,1,6.706277251
NLA06608-0414,505317,1,YES,SEDT,P,1,10.95160405
NLA06608-0414,505318,1,YES,SEDB,P,,-5.583819474
NLA06608-0418,507247,1,YES,SEDT,P,1,-3.608511953
NLA06608-0418,507248,1,YES,SEDB,P,,-2.287179428
NLA06608-0421,504947,1,YES,SEDT,P,1,-11.57959338
NLA06608-0425,504027,1,YES,SEDT,P,1,-16.0375297
NLA06608-0426,516397,1,YES,SEDT,P,1,-18.77309685
NLA06608-0426,516398,1,YES,SEDB,P,,-16.06306307
NLA06608-0432,506567,1,YES,SEDT,P,1,4.043604337
NLA06608-0433,503917,1,YES,SEDT,P,1,-14.67102529
NLA06608-0433,503918,1,YES,SEDB,P,,-9.251355095
NLA06608-0435,506587,1,YES,SEDT,P,1,-16.99836314
NLA06608-0436,516637,1,YES,SEDT,P,1,6.650362624
NLA06608-0439,514017,1,YES,SEDT,P,1,-24.96646336
NLA06608-0439,514018,1,YES,SEDB,P,,-11.91695112
NLA06608-0440,507637,1,YES,SEDT,P,1,-7.20128368
NLA06608-0442,512517,1,YES,SEDT,P,1,-32.95050592
NLA06608-0442,512518,1,YES,SEDB,P,,-28.87242312
NLA06608-0444,502227,1,YES,SEDT,P,1,3.017550605
NLA06608-0445,515037,1,YES,SEDT,P,1,-18.50952835
NLA06608-0447,509727,1,YES,SEDT,P,1,8.092300727
NLA06608-0449,508507,1,YES,SEDT,P,1,-11.17435392
NLA06608-0449,508508,1,YES,SEDB,P,,-1.063195035
NLA06608-0452,502238,1,YES,SEDT,P,1,-8.084693353
NLA06608-0453,507187,1,YES,SEDT,P,1,-12.36825447
NLA06608-0453,507188,1,YES,SEDB,P,,-8.13990377
NLA06608-0454,503817,1,YES,SEDT,P,1,-16.92909496
NLA06608-0454,503818,1,YES,SEDB,P,,-27.70448367
NLA06608-0456,503927,1,YES,SEDT,P,1,-14.6151051
NLA06608-0458,502887,1,YES,SEDT,P,1,-1.591827798
NLA06608-0459,507707,1,YES,SEDT,P,1,-6.241222918
NLA06608-0462,509657,1,YES,SEDT,P,1,2.763169053
NLA06608-0462,509658,1,YES,SEDB,P,,3.747900187
NLA06608-0463,515387,1,YES,SEDT,P,1,-7.746195893
NLA06608-0467,505157,1,YES,SEDT,P,1,-18.36969336
NLA06608-0467,505158,1,YES,SEDB,P,,-2.274870955
NLA06608-0468,510647,1,YES,SEDT,P,1,2.309412038
NLA06608-0468,510648,1,YES,SEDB,P,,4.439533896
NLA06608-0469,513467,1,YES,SEDT,P,1,-2.146449057
NLA06608-0469,513468,1,YES,SEDB,P,,-3.825885473
NLA06608-0470,507287,1,YES,SEDT,P,1,-4.451627589
NLA06608-0470,507288,1,YES,SEDB,P,,-7.605276899
NLA06608-0471,506738,1,YES,SEDT,P,1,-13.48699215
NLA06608-0471,506737,1,YES,SEDB,P,,-11.58303643
NLA06608-0472,507477,1,YES,SEDT,P,1,0.677574423
NLA06608-0473,505697,1,YES,SEDT,P,1,0.771515209
NLA06608-0479,505437,1,YES,SEDT,P,1,-9.821511378
NLA06608-0480,517597,2,YES,SEDT,P,2,-3.015318854
NLA06608-0483,514537,1,YES,SEDT,P,1,9.133775567
NLA06608-0484,507077,1,YES,SEDT,P,1,-13.49712731
NLA06608-0488,504927,1,YES,SEDT,P,1,-2.642085259
NLA06608-0489,504557,1,YES,SEDT,P,1,-20.51331939
NLA06608-0491,512817,1,YES,SEDT,P,1,-13.1556803
NLA06608-0491,512818,1,YES,SEDB,P,,-2.626895065
NLA06608-0493,506487,1,YES,SEDT,P,1,-10.95028307
NLA06608-0494,503617,1,YES,SEDT,P,1,-20.39138686
NLA06608-0494,503618,1,YES,SEDB,P,,-16.21548004
NLA06608-0495,513837,1,YES,SEDT,P,1,-0.759878585
NLA06608-0496,514087,1,YES,SEDT,P,1,-27.18454345
NLA06608-0497,511847,1,YES,SEDT,P,1,33.08835332
NLA06608-0498,512217,1,YES,SEDT,P,1,-5.733092647
NLA06608-0498,512218,1,YES,SEDB,P,,-3.773745513
NLA06608-0500,507967,1,YES,SEDT,P,1,3.961211843
NLA06608-0501,507167,1,YES,SEDT,P,1,6.996705872
NLA06608-0502,515738,1,YES,SEDT,P,1,-5.99996548
NLA06608-0502,515737,1,YES,SEDB,P,,-23.35710821
NLA06608-0503,512887,1,YES,SEDT,P,1,-31.50458095
NLA06608-0503,512888,1,YES,SEDB,P,,-32.40609909
NLA06608-0508,502467,1,YES,SEDT,P,1,-14.48203469
NLA06608-0508,502468,1,YES,SEDB,P,,-10.86912734
NLA06608-0509,502517,1,YES,SEDT,P,1,2.799172668
NLA06608-0510,503467,1,YES,SEDT,P,1,-24.8541053
NLA06608-0510,503468,1,YES,SEDB,P,,-20.5392944
NLA06608-0511,512207,1,YES,SEDT,P,1,-11.51509851
NLA06608-0512,512457,1,YES,SEDT,P,1,-7.178640589
NLA06608-0512,512458,1,YES,SEDB,P,,-12.64217252
NLA06608-0514,502527,1,YES,SEDT,P,1,-21.38550185
NLA06608-0515,514177,1,YES,SEDT,P,1,-21.05541693
NLA06608-0515,514178,1,YES,SEDB,P,,-36.09734616
NLA06608-0523,512897,1,YES,SEDT,P,1,-20.132499
NLA06608-0523,512898,1,YES,SEDB,P,,-13.48946854
NLA06608-0526,506677,1,YES,SEDT,P,1,3.731449554
NLA06608-0526,506678,1,YES,SEDB,P,,12.56925602
NLA06608-0528,504907,1,YES,SEDT,P,1,-7.223641817
NLA06608-0529,517817,1,YES,SEDT,P,1,28.0633004
NLA06608-0529,517818,1,YES,SEDB,P,,20.76069589
NLA06608-0531,505227,1,YES,SEDT,P,1,-19.9788495
NLA06608-0531,505228,1,YES,SEDB,P,,-32.77251797
NLA06608-0533,505027,1,YES,SEDT,P,1,-14.93754553
NLA06608-0537,502647,1,YES,SEDT,P,1,12.36987013
NLA06608-0540,509907,1,YES,SEDT,P,1,-14.95939986
NLA06608-0541,514257,1,YES,SEDT,P,1,4.037616598
NLA06608-0542,513567,1,YES,SEDT,P,1,4.878665846
NLA06608-0542,513568,1,YES,SEDB,P,,0.740577787
NLA06608-0546,513137,1,YES,SEDT,P,1,-25.42370293
NLA06608-0546,513138,1,YES,SEDB,P,,4.471457975
NLA06608-0547,506577,1,YES,SEDT,P,1,-8.835323021
NLA06608-0550,504387,1,YES,SEDT,P,1,-4.654330117
NLA06608-0550,504388,1,YES,SEDB,P,,0.566838443
NLA06608-0551,509447,1,YES,SEDT,P,1,-16.2534661
NLA06608-0555,506937,1,YES,SEDT,P,1,-25.85325745
NLA06608-0555,506938,1,YES,SEDB,P,,-24.2792194
NLA06608-0558,506968,1,YES,SEDT,P,1,-12.13927966
NLA06608-0558,506967,1,YES,SEDB,P,,-1.910815755
NLA06608-0560,507667,1,YES,SEDT,P,1,-19.07486827
NLA06608-0561,513757,1,YES,SEDT,P,1,7.701780828
NLA06608-0561,513758,1,YES,SEDB,P,,1.041153992
NLA06608-0562,508777,1,YES,SEDT,P,1,10.05836947
NLA06608-0562,508778,1,YES,SEDB,P,,-29.74816326
NLA06608-0562,508987,2,NO,SEDT,P,,9.68795367
NLA06608-0562,508988,2,YES,SEDB,P,,15.89446796
NLA06608-0564,509498,1,YES,SEDT,P,1,-3.476448163
NLA06608-0565,507517,1,YES,SEDT,P,1,13.16823292
NLA06608-0569,509877,1,YES,SEDT,P,1,-24.27186276
NLA06608-0570,504007,1,YES,SEDT,P,1,-13.36214073
NLA06608-0579,503507,1,YES,SEDT,P,1,-13.76589685
NLA06608-0579,503508,1,YES,SEDB,P,,-23.12470803
NLA06608-0580,509837,1,YES,SEDT,P,1,-26.21124915
NLA06608-0582,508147,1,YES,SEDT,P,1,-16.0112452
NLA06608-0582,508148,1,YES,SEDB,P,,-10.72292809
NLA06608-0583,502607,1,YES,SEDT,P,1,-18.38619854
NLA06608-0583,502608,1,YES,SEDB,P,,15.62419198
NLA06608-0585,503367,1,YES,SEDT,P,1,-7.589602813
NLA06608-0587,513907,1,YES,SEDT,P,1,-22.89782851
NLA06608-0587,513908,1,YES,SEDB,P,,-20.98797695
NLA06608-0587,511607,2,NO,SEDT,P,,-13.95372799
NLA06608-0587,511608,2,NO,SEDB,P,,-10.1677265
NLA06608-0588,505397,1,YES,SEDT,P,1,-5.988645715
NLA06608-0590,508397,1,YES,SEDT,P,1,-22.00296601
NLA06608-0590,508398,1,YES,SEDB,P,,-22.70004543
NLA06608-0593,506387,1,YES,SEDT,P,1,6.268727493
NLA06608-0593,506388,1,YES,SEDB,P,,9.262779336
NLA06608-0594,502817,1,YES,SEDT,P,1,-9.676213567
NLA06608-0595,514057,1,YES,SEDT,P,1,-33.25735256
NLA06608-0595,514058,1,YES,SEDB,P,,-28.38901599
NLA06608-0596,512957,1,YES,SEDT,P,1,3.787125608
NLA06608-0597,502897,1,YES,SEDT,P,1,7.751139873
NLA06608-0599,514217,1,YES,SEDT,P,1,-14.55404853
NLA06608-0606,514867,1,YES,SEDT,P,1,3.921734691
NLA06608-0606,514868,1,YES,SEDB,P,,10.30870658
NLA06608-0608,503757,1,YES,SEDT,P,1,-8.639750376
NLA06608-0608,503758,1,YES,SEDB,P,,-42.5807996
NLA06608-0609,502047,1,YES,SEDT,P,1,-32.40334298
NLA06608-0609,502048,1,YES,SEDB,P,,-33.19667776
NLA06608-0610,512017,1,YES,SEDT,P,1,10.51769093
NLA06608-0610,512018,1,YES,SEDB,P,,-7.875900523
NLA06608-0611,514677,1,YES,SEDT,P,1,-18.74280082
NLA06608-0611,514678,1,YES,SEDB,P,,-16.61967867
NLA06608-0614,505937,1,YES,SEDT,P,1,6.22993105
NLA06608-0616,505047,1,YES,SEDT,P,1,-29.16778652
NLA06608-0617,505917,1,YES,SEDT,P,1,-20.734418
NLA06608-0618,507387,1,YES,SEDT,P,1,-2.396694709
NLA06608-0619,503937,1,YES,SEDT,P,1,0.49202264
NLA06608-0619,503938,1,YES,SEDB,P,,-0.033373807
NLA06608-0622,504497,1,YES,SEDT,P,1,-34.2140619
NLA06608-0622,504498,1,YES,SEDB,P,,-14.16083416
NLA06608-0623,514098,1,YES,SEDT,P,1,-31.7055324
NLA06608-0624,503407,1,YES,SEDT,P,1,-11.70846837
NLA06608-0625,517337,1,YES,SEDT,P,1,17.99480161
NLA06608-0625,517338,1,YES,SEDB,P,,17.78169852
NLA06608-0627,506597,1,YES,SEDT,P,1,3.748669536
NLA06608-0627,506598,1,YES,SEDB,P,,-1.715919979
NLA06608-0628,503538,1,YES,SEDT,P,1,-14.25784903
NLA06608-0628,503537,1,YES,SEDB,P,,-22.92823575
NLA06608-0630,507217,1,YES,SEDT,P,1,-5.305925486
NLA06608-0630,507218,1,YES,SEDB,P,,-10.22412964
NLA06608-0632,514947,1,YES,SEDT,P,1,-16.35510523
NLA06608-0634,505237,1,YES,SEDT,P,1,-33.0203728
NLA06608-0634,505238,1,YES,SEDB,P,,-19.20014663
NLA06608-0635,513827,1,YES,SEDT,P,1,-10.12614729
NLA06608-0637,512197,1,YES,SEDT,P,1,-13.69654984
NLA06608-0641,508707,1,YES,SEDT,P,1,-20.81190944
NLA06608-0641,508708,1,YES,SEDB,P,,-10.22032883
NLA06608-0649,515527,1,YES,SEDT,P,1,14.44102483
NLA06608-0650,507047,1,YES,SEDT,P,1,-24.39018439
NLA06608-0650,507048,1,YES,SEDB,P,,-21.01671455
NLA06608-0651,507377,1,YES,SEDT,P,1,-11.46673304
NLA06608-0654,513677,1,YES,SEDT,P,1,-4.497575958
NLA06608-0654,513678,1,YES,SEDB,P,,10.16212553
NLA06608-0657,513627,1,YES,SEDT,P,1,2.03358214
NLA06608-0657,513628,1,YES,SEDB,P,,4.688884119
NLA06608-0658,506787,1,YES,SEDT,P,1,-0.391211411
NLA06608-0658,506788,1,YES,SEDB,P,,4.734194179
NLA06608-0659,515087,1,YES,SEDT,P,1,-35.21807287
NLA06608-0660,514327,1,YES,SEDT,P,1,-6.436690843
NLA06608-0660,514328,1,YES,SEDB,P,,-5.612935135
NLA06608-0661,506997,1,YES,SEDT,P,1,-19.82417909
NLA06608-0662,512307,1,YES,SEDT,P,1,-1.627424751
NLA06608-0662,512308,1,YES,SEDB,P,,-0.363900967
NLA06608-0663,510587,1,YES,SEDT,P,1,-34.04484822
NLA06608-0663,510588,1,YES,SEDB,P,,-15.98173018
NLA06608-0665,504637,1,YES,SEDT,P,1,7.728852511
NLA06608-0671,510337,1,YES,SEDT,P,1,5.337762338
NLA06608-0671,510338,1,YES,SEDB,P,,5.108043626
NLA06608-0672,503847,1,YES,SEDT,P,1,-25.1355937
NLA06608-0674,503967,1,YES,SEDT,P,1,11.86197569
NLA06608-0674,503968,1,YES,SEDB,P,,-4.695130751
NLA06608-0677,506797,1,YES,SEDT,P,1,-25.26340451
NLA06608-0677,506798,1,YES,SEDB,P,,-24.70405602
NLA06608-0678,511437,1,YES,SEDT,P,1,-7.200798831
NLA06608-0678,504578,1,YES,SEDB,P,,-23.47452302
NLA06608-0679,506448,1,YES,SEDT,P,1,-20.18817679
NLA06608-0679,506447,1,YES,SEDB,P,,-34.29988257
NLA06608-0681,502757,1,YES,SEDT,P,1,11.10840027
NLA06608-0686,506428,1,YES,SEDT,P,1,-31.81528677
NLA06608-0686,506427,1,YES,SEDB,P,,22.15812833
NLA06608-0687,511857,1,YES,SEDT,P,1,-34.36791999
NLA06608-0690,508807,1,NO,SEDT,P,,2.133612855
NLA06608-0690,510237,2,YES,SEDT,P,2,5.17240514
NLA06608-0690,510238,2,YES,SEDB,P,,4.897536056
NLA06608-0692,503717,1,YES,SEDT,P,1,-26.71123654
NLA06608-0693,507357,1,YES,SEDT,P,1,14.77086107
NLA06608-0696,504807,1,YES,SEDT,P,1,-11.6738546
NLA06608-0707,505198,1,YES,SEDT,P,1,-41.73596185
NLA06608-0707,505197,1,YES,SEDB,P,,-21.66006346
NLA06608-0709,507867,1,YES,SEDT,P,1,-23.0764643
NLA06608-0709,507868,1,YES,SEDB,P,,-8.629052188
NLA06608-0710,503947,1,YES,SEDT,P,1,-0.716373741
NLA06608-0710,503948,1,YES,SEDB,P,,2.292756024
NLA06608-0711,517147,1,YES,SEDT,P,1,-2.415778782
NLA06608-0712,504217,1,YES,SEDT,P,1,-9.522224235
NLA06608-0715,504877,1,YES,SEDT,P,1,2.253609182
NLA06608-0717,514427,1,YES,SEDT,P,1,-5.996183638
NLA06608-0717,514428,1,YES,SEDB,P,,11.66241778
NLA06608-0718,514247,1,YES,SEDT,P,1,-34.51704424
NLA06608-0720,514577,1,YES,SEDT,P,1,-10.9834693
NLA06608-0721,506347,1,YES,SEDT,P,1,-1.838210377
NLA06608-0723,509127,1,YES,SEDT,P,1,-4.401543563
NLA06608-0723,509128,1,YES,SEDB,P,,3.519048142
NLA06608-0724,513987,1,YES,SEDT,P,1,-6.218744233
NLA06608-0726,511897,1,YES,SEDT,P,1,-0.834925875
NLA06608-0726,511898,1,YES,SEDB,P,,-3.172934349
NLA06608-0727,506438,1,YES,SEDT,P,1,-15.36704735
NLA06608-0727,506437,1,YES,SEDB,P,,-24.84378547
NLA06608-0731,509737,1,YES,SEDT,P,1,-8.871870322
NLA06608-0731,509738,1,YES,SEDB,P,,-19.66198096
NLA06608-0733,515107,1,YES,SEDT,P,1,14.94518911
NLA06608-0733,515108,1,YES,SEDB,P,,10.21227524
NLA06608-0734,507227,1,YES,SEDT,P,1,3.844496779
NLA06608-0734,507228,1,YES,SEDB,P,,0.113103555
NLA06608-0738,512137,1,YES,SEDT,P,1,-15.0903263
NLA06608-0738,512138,1,YES,SEDB,P,,-0.363658315
NLA06608-0743,515227,1,YES,SEDT,P,1,-11.50950517
NLA06608-0743,515228,1,YES,SEDB,P,,-4.431042071
NLA06608-0744,504767,1,YES,SEDT,P,1,-8.467222065
NLA06608-0749,506477,1,YES,SEDT,P,1,12.66122121
NLA06608-0751,508497,1,YES,SEDT,P,1,-1.164953748
NLA06608-0753,506637,1,YES,SEDT,P,1,-12.65445653
NLA06608-0753,506638,1,YES,SEDB,P,,-20.01271394
NLA06608-0754,505447,1,YES,SEDT,P,1,-5.390468235
NLA06608-0754,505448,1,YES,SEDB,P,,-1.116629621
NLA06608-0755,514027,1,YES,SEDT,P,1,-17.09561873
NLA06608-0756,502207,1,YES,SEDT,P,1,-19.28322565
NLA06608-0759,506757,1,YES,SEDT,P,1,-21.98460829
NLA06608-0759,506758,1,YES,SEDB,P,,-12.27017935
NLA06608-0761,516577,1,YES,SEDT,P,1,-38.5309715
NLA06608-0762,503487,1,YES,SEDT,P,1,-20.78747729
NLA06608-0762,503488,1,YES,SEDB,P,,-13.59770394
NLA06608-0764,514557,1,YES,SEDT,P,1,-8.415446621
NLA06608-0765,502737,1,YES,SEDT,P,1,-12.01912805
NLA06608-0766,503258,1,YES,SEDT,P,1,-39.96545796
NLA06608-0766,503257,1,YES,SEDB,P,,-37.58914924
NLA06608-0769,510927,1,YES,SEDT,P,1,7.84730147
NLA06608-0769,510928,1,YES,SEDB,P,,6.568172072
NLA06608-0770,502457,1,YES,SEDT,P,1,2.007365847
NLA06608-0771,507797,1,YES,SEDT,P,1,-12.93507865
NLA06608-0771,507798,1,YES,SEDB,P,,-13.48842286
NLA06608-0775,511837,1,YES,SEDT,P,1,-2.845561023
NLA06608-0779,504157,1,YES,SEDT,P,1,-24.12969651
NLA06608-0779,504158,1,YES,SEDB,P,,-33.44953855
NLA06608-0781,514287,1,YES,SEDT,P,1,-27.00295828
NLA06608-0781,514288,1,YES,SEDB,P,,-18.74605631
NLA06608-0782,507417,1,YES,SEDT,P,1,18.22338343
NLA06608-0782,507418,1,YES,SEDB,P,,12.74621507
NLA06608-0783,509518,1,YES,SEDB,P,,-21.93035053
NLA06608-0785,512047,1,YES,SEDT,P,1,32.23885517
NLA06608-0785,512048,1,YES,SEDB,P,,34.64056689
NLA06608-0792,507677,1,YES,SEDT,P,1,-15.5751999
NLA06608-0794,502187,1,YES,SEDT,P,1,12.75607569
NLA06608-0794,502188,1,YES,SEDB,P,,-15.72503863
NLA06608-0794,508607,2,NO,SEDT,P,,11.5635181
NLA06608-0797,515097,1,YES,SEDT,P,1,-2.686917772
NLA06608-0797,515098,1,YES,SEDB,P,,-10.34548913
NLA06608-0802,513997,1,YES,SEDT,P,1,4.887613038
NLA06608-0802,513998,1,YES,SEDB,P,,-0.345986956
NLA06608-0804,515427,1,YES,SEDT,P,1,11.25027363
NLA06608-0805,509357,1,YES,SEDT,P,1,-22.89648782
NLA06608-0805,509358,1,YES,SEDB,P,,-3.799483835
NLA06608-0806,504717,1,YES,SEDT,P,1,5.965377924
NLA06608-0806,504718,1,YES,SEDB,P,,-1.260296842
NLA06608-0807,514227,1,YES,SEDT,P,1,-33.17555183
NLA06608-0807,514228,1,YES,SEDB,P,,-45.40749737
NLA06608-0808,516827,1,YES,SEDT,P,1,-18.56464149
NLA06608-0809,504378,1,YES,SEDT,P,1,-3.169971516
NLA06608-0811,507778,1,YES,SEDT,P,1,-24.77110686
NLA06608-0811,507777,1,YES,SEDB,P,,-9.829815535
NLA06608-0812,503217,1,YES,SEDT,P,1,17.17148616
NLA06608-0815,505337,1,YES,SEDT,P,1,11.12300962
NLA06608-0820,508287,1,YES,SEDT,P,1,-31.79793493
NLA06608-0823,508797,1,YES,SEDT,P,1,-12.20883247
NLA06608-0823,508798,1,YES,SEDB,P,,-0.364467165
NLA06608-0824,516687,1,YES,SEDT,P,1,-7.759013521
NLA06608-0825,511757,1,YES,SEDT,P,1,-3.59907534
NLA06608-0827,504897,1,YES,SEDT,P,1,-16.47346315
NLA06608-0828,503267,1,YES,SEDT,P,1,-3.377978814
NLA06608-0828,503268,1,YES,SEDB,P,,-15.29083415
NLA06608-0830,517717,1,YES,SEDT,P,1,-41.13230328
NLA06608-0830,517718,1,YES,SEDB,P,,-34.41628072
NLA06608-0831,512447,1,YES,SEDT,P,1,-6.103355257
NLA06608-0836,511447,1,YES,SEDT,P,1,-20.18205144
NLA06608-0837,503037,1,YES,SEDT,P,1,-17.60280699
NLA06608-0837,503038,1,YES,SEDB,P,,-14.40511475
NLA06608-0842,513217,1,YES,SEDT,P,1,-30.73161811
NLA06608-0842,513218,1,YES,SEDB,P,,-10.45036556
NLA06608-0843,507257,1,YES,SEDT,P,1,-0.108284123
NLA06608-0846,514877,1,YES,SEDT,P,1,-2.008625545
NLA06608-0847,511197,1,YES,SEDT,P,1,-18.69257107
NLA06608-0849,513367,1,YES,SEDT,P,1,-4.627041629
NLA06608-0849,513368,1,YES,SEDB,P,,-7.444855434
NLA06608-0850,508017,1,YES,SEDT,P,1,-16.93704901
NLA06608-0851,503157,1,YES,SEDT,P,1,-19.4944834
NLA06608-0851,503158,1,YES,SEDB,P,,-27.73927567
NLA06608-0856,502578,1,YES,SEDT,P,1,-3.059649284
NLA06608-0857,504687,1,YES,SEDT,P,1,3.209386261
NLA06608-0859,514687,1,YES,SEDT,P,1,-24.76521836
NLA06608-0859,514688,1,YES,SEDB,P,,-27.73400483
NLA06608-0860,506947,1,YES,SEDT,P,1,-24.67604301
NLA06608-0860,513427,2,NO,SEDT,P,,-21.79592081
NLA06608-0862,514307,1,YES,SEDT,P,1,5.203619254
NLA06608-0862,514308,1,YES,SEDB,P,,8.1858295
NLA06608-0863,508687,1,YES,SEDT,P,1,-20.75725213
NLA06608-0865,511747,1,YES,SEDT,P,1,-24.33986777
NLA06608-0865,511748,1,YES,SEDB,P,,-21.44983121
NLA06608-0868,515407,1,YES,SEDT,P,1,-9.816668984
NLA06608-0869,507007,1,YES,SEDT,P,1,0.937067786
NLA06608-0870,505627,1,YES,SEDT,P,1,-31.51785651
NLA06608-0871,506408,1,YES,SEDT,P,1,-38.19744477
NLA06608-0871,506407,1,YES,SEDB,P,,-31.5704034
NLA06608-0872,505767,1,YES,SEDT,P,1,-10.37255872
NLA06608-0874,511157,1,YES,SEDT,P,1,-24.3583747
NLA06608-0874,511158,1,YES,SEDB,P,,-8.167147982
NLA06608-0875,510577,1,YES,SEDT,P,1,-5.821054101
NLA06608-0875,510578,1,YES,SEDB,P,,-46.781149
NLA06608-0877,509027,1,YES,SEDT,P,1,35.55056365
NLA06608-0878,502147,1,YES,SEDT,P,1,-7.726396343
NLA06608-0878,502148,1,YES,SEDB,P,,-6.817968097
NLA06608-0880,512947,1,YES,SEDT,P,1,-12.49471186
NLA06608-0881,504547,1,YES,SEDT,P,1,5.124344856
NLA06608-0885,508057,1,YES,SEDT,P,1,-1.971421962
NLA06608-0889,504827,1,YES,SEDT,P,1,-12.74335511
NLA06608-0890,507438,1,YES,SEDT,P,1,6.119387132
NLA06608-0890,507437,1,YES,SEDB,P,,11.96604337
NLA06608-0891,509997,1,YES,SEDT,P,1,-8.500767268
NLA06608-0893,515028,1,YES,SEDT,P,1,-27.80432048
NLA06608-0895,514747,1,YES,SEDT,P,1,-2.07007959
NLA06608-0899,515117,1,YES,SEDT,P,1,-33.75846121
NLA06608-0899,515118,1,YES,SEDB,P,,-25.2827841
NLA06608-0900,502317,1,YES,SEDT,P,1,-20.2679488
NLA06608-0904,507827,1,YES,SEDT,P,1,-2.485599225
NLA06608-0904,507828,1,YES,SEDB,P,,-19.3304206
NLA06608-0905,506607,1,YES,SEDT,P,1,1.511030877
NLA06608-0905,506608,1,YES,SEDB,P,,-8.860900582
NLA06608-0906,502777,1,YES,SEDT,P,1,-8.205408811
NLA06608-0906,502778,1,YES,SEDB,P,,-14.0406859
NLA06608-0913,508997,1,YES,SEDT,P,1,-1.527489789
NLA06608-0913,508998,1,YES,SEDB,P,,1.252981111
NLA06608-0914,509317,1,YES,SEDT,P,1,-1.525863905
NLA06608-0914,509318,1,YES,SEDB,P,,1.557567963
NLA06608-0915,511537,1,YES,SEDT,P,1,-10.4968434
NLA06608-0915,511538,1,YES,SEDB,P,,-7.40798672
NLA06608-0916,512967,1,YES,SEDT,P,1,-11.13277888
NLA06608-0918,506857,1,YES,SEDT,P,1,8.489556633
NLA06608-0918,506858,1,YES,SEDB,P,,5.737628825
NLA06608-0921,504727,1,YES,SEDT,P,1,-3.886753535
NLA06608-0922,515207,1,YES,SEDT,P,1,-0.180836474
NLA06608-0924,509157,1,YES,SEDT,P,1,-30.93692473
NLA06608-0924,509158,1,YES,SEDB,P,,-43.20732152
NLA06608-0926,514667,1,YES,SEDT,P,1,7.54128411
NLA06608-0926,514668,1,YES,SEDB,P,,8.112159048
NLA06608-0927,511597,1,YES,SEDT,P,1,3.406955986
NLA06608-0929,514267,1,YES,SEDT,P,1,1.444793451
NLA06608-0930,506897,1,YES,SEDT,P,1,-1.719072096
NLA06608-0930,506898,1,YES,SEDB,P,,-7.469535219
NLA06608-0933,506087,1,YES,SEDT,P,1,-4.306486287
NLA06608-0934,506827,1,YES,SEDT,P,1,-2.356375384
NLA06608-0934,506828,1,YES,SEDB,P,,2.87960178
NLA06608-0935,503607,1,YES,SEDT,P,1,-22.37619291
NLA06608-0935,503608,1,YES,SEDB,P,,-30.53686025
NLA06608-0938,512437,1,YES,SEDT,P,1,-28.93318794
NLA06608-0938,512438,1,YES,SEDB,P,,-33.73342687
NLA06608-0940,510607,1,YES,SEDT,P,1,-13.03469065
NLA06608-0940,510608,1,YES,SEDB,P,,-10.50666922
NLA06608-0942,503287,1,YES,SEDT,P,1,-7.862462711
NLA06608-0942,503288,1,YES,SEDB,P,,4.550139674
NLA06608-0944,514477,1,YES,SEDT,P,1,0.796223577
NLA06608-0946,509107,1,YES,SEDT,P,1,-1.926962246
NLA06608-0946,509108,1,YES,SEDB,P,,-40.91299793
NLA06608-0950,508407,1,YES,SEDT,P,1,0.556972589
NLA06608-0955,502797,1,YES,SEDT,P,1,6.217525492
NLA06608-0957,502547,1,YES,SEDT,P,1,10.15483479
NLA06608-0958,507887,1,YES,SEDT,P,1,-11.74792864
NLA06608-0958,507888,1,YES,SEDB,P,,-24.31997816
NLA06608-0961,510917,1,YES,SEDT,P,1,13.8082404
NLA06608-0961,510918,1,YES,SEDB,P,,6.182669533
NLA06608-0962,510367,1,YES,SEDT,P,1,4.911932847
NLA06608-0967,513277,1,YES,SEDT,P,1,-28.92381397
NLA06608-0968,502107,1,YES,SEDT,P,1,-31.44961812
NLA06608-0968,502108,1,YES,SEDB,P,,-26.31251614
NLA06608-0970,502177,1,YES,SEDT,P,1,-2.235197219
NLA06608-0971,511507,1,YES,SEDT,P,1,-10.38401095
NLA06608-0972,505007,1,YES,SEDT,P,1,-14.41775342
NLA06608-0974,510687,1,YES,SEDT,P,1,-3.980905645
NLA06608-0974,510688,1,YES,SEDB,P,,-1.174973162
NLA06608-0979,503138,1,YES,SEDT,P,1,-18.87416277
NLA06608-0980,513197,1,YES,SEDT,P,1,-4.887335522
NLA06608-0982,509367,1,YES,SEDT,P,1,-4.464187469
NLA06608-0982,509368,1,YES,SEDB,P,,6.346017214
NLA06608-0984,516937,1,YES,SEDT,P,1,-15.17363583
NLA06608-0987,513517,1,YES,SEDT,P,1,5.466668663
NLA06608-0987,513518,1,YES,SEDB,P,,0.599354185
NLA06608-0989,510977,1,YES,SEDT,P,1,15.75868429
NLA06608-0990,502017,1,YES,SEDT,P,1,-12.80888044
NLA06608-0990,502018,1,YES,SEDB,P,,-14.76933323
NLA06608-0993,517517,1,YES,SEDT,P,1,1.479616046
NLA06608-0993,517518,1,YES,SEDB,P,,-2.006314905
NLA06608-0994,509457,1,YES,SEDT,P,1,-0.00490263
NLA06608-0994,509458,1,YES,SEDB,P,,3.798710538
NLA06608-0996,503527,1,YES,SEDT,P,1,-13.06018633
NLA06608-0997,507737,1,YES,SEDT,P,1,-6.730494874
NLA06608-0997,507738,1,YES,SEDB,P,,-8.27447754
NLA06608-1001,514207,1,YES,SEDT,P,1,4.520531093
NLA06608-1002,514497,1,YES,SEDT,P,1,-31.63433445
NLA06608-1003,512627,1,YES,SEDT,P,1,-21.57839914
NLA06608-1003,512628,1,YES,SEDB,P,,-7.904790955
NLA06608-1005,514167,1,YES,SEDT,P,1,9.450470478
NLA06608-1006,503667,1,YES,SEDT,P,1,-35.99977218
NLA06608-1006,503668,1,YES,SEDB,P,,-38.95466518
NLA06608-1007,510297,1,YES,SEDT,P,1,-2.084858569
NLA06608-1008,514507,1,YES,SEDT,P,1,7.904420326
NLA06608-1010,513017,1,YES,SEDT,P,1,-16.19175707
NLA06608-1010,513018,1,YES,SEDB,P,,-15.93338661
NLA06608-1012,508967,1,YES,SEDT,P,1,-18.2017256
NLA06608-1014,510787,1,YES,SEDT,P,1,-19.04731631
NLA06608-1014,510788,1,YES,SEDB,P,,-13.37667087
NLA06608-1015,513947,1,YES,SEDT,P,1,-18.32513085
NLA06608-1015,513948,1,YES,SEDB,P,,-9.826891616
NLA06608-1016,507497,1,YES,SEDT,P,1,5.627130744
NLA06608-1018,507487,1,YES,SEDT,P,1,6.996078231
NLA06608-1018,507488,1,YES,SEDB,P,,4.959825173
NLA06608-1022,503647,1,YES,SEDT,P,1,-30.7107113
NLA06608-1022,503648,1,YES,SEDB,P,,-40.50347463
NLA06608-1024,510307,1,YES,SEDT,P,1,2.117825326
NLA06608-1024,510308,1,YES,SEDB,P,,-20.77485597
NLA06608-1034,515367,1,YES,SEDT,P,1,-16.25199882
NLA06608-1034,515368,1,YES,SEDB,P,,1.08617103
NLA06608-1035,508047,1,YES,SEDT,P,1,-16.26605409
NLA06608-1035,508048,1,YES,SEDB,P,,-21.11718652
NLA06608-1036,514548,1,YES,SEDT,P,1,-14.62269248
NLA06608-1036,514547,1,YES,SEDB,P,,-8.232705929
NLA06608-1037,517857,1,YES,SEDT,P,1,-4.691930077
NLA06608-1038,507877,1,YES,SEDT,P,1,3.123759598
NLA06608-1038,507878,1,YES,SEDB,P,,-1.010532453
NLA06608-1039,508007,1,YES,SEDT,P,1,11.34139452
NLA06608-1041,511947,1,YES,SEDT,P,1,-21.26591257
NLA06608-1041,511948,1,YES,SEDB,P,,-13.94293221
NLA06608-1044,502807,1,YES,SEDT,P,1,-20.83857376
NLA06608-1045,510117,1,YES,SEDT,P,1,-30.60789862
NLA06608-1045,510118,1,YES,SEDB,P,,-3.162480253
NLA06608-1055,505327,1,YES,SEDT,P,1,-14.29823828
NLA06608-1056,503827,1,YES,SEDT,P,1,-15.50176709
NLA06608-1058,517537,1,YES,SEDT,P,1,17.58278099
NLA06608-1058,517538,1,YES,SEDB,P,,6.523294642
NLA06608-1059,505737,1,YES,SEDT,P,1,-27.03844527
NLA06608-1059,505738,1,YES,SEDB,P,,-26.47951302
NLA06608-1060,506868,1,NO,SEDT,P,,1.842913663
NLA06608-1060,506867,2,YES,SEDT,P,2,-7.682170342
NLA06608-1070,502667,1,YES,SEDT,P,1,-22.36629343
NLA06608-1070,502668,1,YES,SEDB,P,,-26.98477745
NLA06608-1073,509527,1,YES,SEDT,P,1,0.186147292
NLA06608-1073,509528,1,YES,SEDB,P,,-6.806957148
NLA06608-1075,502767,1,YES,SEDT,P,1,4.697703683
NLA06608-1075,502768,1,YES,SEDB,P,,5.310110506
NLA06608-1083,503307,1,YES,SEDT,P,1,-13.56889415
NLA06608-1086,517407,1,YES,SEDT,P,1,-32.22667703
NLA06608-1086,517408,1,YES,SEDB,P,,-33.89157594
NLA06608-1087,509427,1,YES,SEDT,P,1,2.770564041
NLA06608-1089,507597,1,YES,SEDT,P,1,-2.837321193
NLA06608-1089,507598,1,YES,SEDB,P,,-4.179260992
NLA06608-1091,505187,1,YES,SEDT,P,1,-28.77192192
NLA06608-1091,505188,1,YES,SEDB,P,,-29.57590829
NLA06608-1096,507137,1,YES,SEDT,P,1,-3.670940898
NLA06608-1101,517827,1,YES,SEDT,P,1,-35.35186464
NLA06608-1102,504477,1,YES,SEDT,P,1,-6.831729582
NLA06608-1102,504478,1,YES,SEDB,P,,-7.636760847
NLA06608-1103,517387,1,YES,SEDT,P,1,-33.61935705
NLA06608-1107,515347,1,YES,SEDT,P,1,-30.30264103
NLA06608-1107,515348,1,YES,SEDB,P,,-27.09912615
NLA06608-1108,503417,1,YES,SEDT,P,1,-16.7887615
NLA06608-1108,516207,2,NO,SEDT,P,,-16.27654369
NLA06608-1111,505548,1,YES,SEDT,P,1,-25.9955839
NLA06608-1111,505547,1,YES,SEDB,P,,-14.3773008
NLA06608-1113,507717,1,YES,SEDT,P,1,-1.496539751
NLA06608-1114,503228,1,YES,SEDT,P,1,-12.5307058
NLA06608-1114,503227,1,YES,SEDB,P,,-12.52812276
NLA06608-1115,513188,1,YES,SEDT,P,1,-27.71396244
NLA06608-1119,504257,1,YES,SEDT,P,1,-0.219936639
NLA06608-1120,511387,1,YES,SEDT,P,1,2.830146081
NLA06608-1122,507367,1,YES,SEDT,P,1,6.911450539
NLA06608-1122,507368,1,YES,SEDB,P,,9.157037667
NLA06608-1124,504797,1,YES,SEDT,P,1,-6.614354671
NLA06608-1125,513257,1,YES,SEDT,P,1,-30.5233232
NLA06608-1125,513258,1,YES,SEDB,P,,-14.26939991
NLA06608-1130,503807,1,YES,SEDT,P,1,-22.26303352
NLA06608-1130,503808,1,YES,SEDB,P,,-10.25283099
NLA06608-1131,506658,1,YES,SEDT,P,1,-8.681808692
NLA06608-1131,506657,1,YES,SEDB,P,,-4.407862273
NLA06608-1134,511558,1,YES,SEDT,P,1,5.816797038
NLA06608-1134,511557,1,YES,SEDB,P,,-20.8428811
NLA06608-1141,505017,1,YES,SEDT,P,1,-2.098690473
NLA06608-1143,508697,1,YES,SEDT,P,1,-19.40422244
NLA06608-1143,508698,1,YES,SEDB,P,,-11.81642382
NLA06608-1145,515177,1,YES,SEDT,P,1,-9.073920817
NLA06608-1148,512237,1,YES,SEDT,P,1,-26.61986464
NLA06608-1148,512238,1,YES,SEDB,P,,-33.77315303
NLA06608-1150,505667,1,YES,SEDT,P,1,-2.033741259
NLA06608-1150,505668,1,YES,SEDB,P,,1.201796914
NLA06608-1151,505837,1,YES,SEDT,P,1,-13.84125683
NLA06608-1155,506957,1,YES,SEDT,P,1,-43.97570882
NLA06608-1155,506958,1,YES,SEDB,P,,-38.0313525
NLA06608-1162,517887,1,YES,SEDT,P,1,-18.7713751
NLA06608-1162,517888,1,YES,SEDB,P,,-15.56825345
NLA06608-1163,504618,1,YES,SEDT,P,1,-16.48816955
NLA06608-1163,504617,1,YES,SEDB,P,,-13.21073799
NLA06608-1164,516957,1,YES,SEDT,P,1,6.085502845
NLA06608-1166,505367,1,YES,SEDT,P,1,-10.90067535
NLA06608-1166,505368,1,YES,SEDB,P,,-11.18288877
NLA06608-1167,517377,1,YES,SEDT,P,1,-22.8738622
NLA06608-1167,517378,1,YES,SEDB,P,,-30.31457294
NLA06608-1170,502367,1,YES,SEDT,P,1,-2.817487837
NLA06608-1172,505267,1,YES,SEDT,P,1,1.998273046
NLA06608-1174,508297,1,YES,SEDT,P,1,-0.190700479
NLA06608-1174,508298,1,YES,SEDB,P,,-2.978319014
NLA06608-1175,507807,1,YES,SEDT,P,1,-4.481937078
NLA06608-1175,507808,1,YES,SEDB,P,,4.190613789
NLA06608-1177,505297,1,YES,SEDT,P,1,-0.644633365
NLA06608-1181,504647,1,YES,SEDT,P,1,1.543933729
NLA06608-1183,509467,1,YES,SEDT,P,1,6.56657599
NLA06608-1183,509468,1,YES,SEDB,P,,1.42231575
NLA06608-1185,502057,1,YES,SEDT,P,1,-14.88157849
NLA06608-1185,502058,1,YES,SEDB,P,,-19.24968972
NLA06608-1189,517527,1,YES,SEDT,P,1,-2.32279436
NLA06608-1189,517528,1,YES,SEDB,P,,-2.100139872
NLA06608-1190,504437,1,YES,SEDT,P,1,17.20343688
NLA06608-1191,514637,1,YES,SEDT,P,1,-15.69465577
NLA06608-1195,504608,1,YES,SEDT,P,1,-23.04948472
NLA06608-1195,504607,1,YES,SEDB,P,,-18.80031263
NLA06608-1198,506687,1,YES,SEDT,P,1,-18.5897118
NLA06608-1198,506688,1,YES,SEDB,P,,-15.24961654
NLA06608-1199,512757,1,YES,SEDT,P,1,-7.659332726
NLA06608-1204,516487,1,YES,SEDT,P,1,17.00787042
NLA06608-1206,504047,1,YES,SEDT,P,1,2.398073001
NLA06608-1206,504048,1,YES,SEDB,P,,-0.087297406
NLA06608-1207,505377,1,YES,SEDT,P,1,-2.736493197
NLA06608-1207,505378,1,YES,SEDB,P,,-21.64657907
NLA06608-1208,506077,1,YES,SEDT,P,1,-26.67319049
NLA06608-1208,512648,2,NO,SEDT,P,,-19.86569773
NLA06608-1209,510017,1,YES,SEDT,P,1,-5.858672546
NLA06608-1210,513337,1,YES,SEDT,P,1,-30.04126205
NLA06608-1210,513338,1,YES,SEDB,P,,-28.80156199
NLA06608-1217,506187,1,YES,SEDT,P,1,4.948191927
NLA06608-1219,503497,1,YES,SEDT,P,1,-29.22200722
NLA06608-1219,503498,1,YES,SEDB,P,,-29.88826949
NLA06608-1220,502877,1,YES,SEDT,P,1,4.154445498
NLA06608-1222,504277,1,YES,SEDT,P,1,8.342071822
NLA06608-1222,504278,1,YES,SEDB,P,,-3.896004355
NLA06608-1223,507177,1,YES,SEDT,P,1,-12.26188389
NLA06608-1223,507178,1,YES,SEDB,P,,1.968040698
NLA06608-1224,514807,1,YES,SEDT,P,1,-8.800093699
NLA06608-1227,514957,1,YES,SEDT,P,1,-16.41657571
NLA06608-1232,514927,1,YES,SEDT,P,1,-12.73446927
NLA06608-1236,510138,1,YES,SEDT,P,1,-15.94756531
NLA06608-1236,510137,1,YES,SEDB,P,,-14.73522185
NLA06608-1238,512117,1,YES,SEDT,P,1,-13.60001506
NLA06608-1238,512118,1,YES,SEDB,P,,-0.200078996
NLA06608-1239,506728,1,YES,SEDT,P,1,-28.69792353
NLA06608-1239,506727,1,YES,SEDB,P,,-30.54004189
NLA06608-1240,507587,1,YES,SEDT,P,1,-10.84491317
NLA06608-1241,505497,1,YES,SEDT,P,1,5.531852804
NLA06608-1242,504427,1,YES,SEDT,P,1,-1.64335974
NLA06608-1242,504428,1,YES,SEDB,P,,0.943025816
NLA06608-1243,509767,1,YES,SEDT,P,1,-10.75583888
NLA06608-1243,509768,1,YES,SEDB,P,,-9.333752318
NLA06608-1244,511337,1,YES,SEDT,P,1,-19.81305386
NLA06608-1244,511338,1,YES,SEDB,P,,-20.62620478
NLA06608-1245,505307,1,YES,SEDT,P,1,-3.581542327
NLA06608-1255,511917,1,YES,SEDT,P,1,-19.17995472
NLA06608-1255,511918,1,YES,SEDB,P,,-27.02915882
NLA06608-1256,512377,1,YES,SEDT,P,1,-16.06994147
NLA06608-1258,515327,1,YES,SEDT,P,1,-16.92902407
NLA06608-1258,515328,1,YES,SEDB,P,,5.043652899
NLA06608-1259,505948,1,YES,SEDT,P,1,-14.63376479
NLA06608-1259,505947,1,YES,SEDB,P,,-13.67465365
NLA06608-1261,515067,1,YES,SEDT,P,1,4.120950886
NLA06608-1262,506717,1,YES,SEDT,P,1,-6.719647485
NLA06608-1262,506718,1,YES,SEDB,P,,-15.10255182
NLA06608-1263,509137,1,YES,SEDT,P,1,-31.11977558
NLA06608-1266,506777,1,YES,SEDT,P,1,4.282605945
NLA06608-1268,507507,1,YES,SEDT,P,1,-18.96197252
NLA06608-1269,508337,1,YES,SEDT,P,1,14.11405305
NLA06608-1270,510377,1,YES,SEDT,P,1,9.001986083
NLA06608-1270,510378,1,YES,SEDB,P,,11.53503921
NLA06608-1271,507157,1,YES,SEDT,P,1,-28.39199749
NLA06608-1271,507158,1,YES,SEDB,P,,-13.94573131
NLA06608-1273,516727,1,YES,SEDT,P,1,-26.74476306
NLA06608-1274,506987,1,YES,SEDT,P,1,2.496901188
NLA06608-1274,506988,1,YES,SEDB,P,,1.629279039
NLA06608-1278,505257,1,YES,SEDT,P,1,-36.79628181
NLA06608-1278,505258,1,YES,SEDB,P,,-28.46294847
NLA06608-1279,504317,1,YES,SEDT,P,1,5.134888223
NLA06608-1281,506508,1,YES,SEDT,P,1,4.862205356
NLA06608-1281,506507,1,YES,SEDB,P,,-4.578578431
NLA06608-1283,506298,1,YES,SEDT,P,1,4.625373954
NLA06608-1283,506297,1,YES,SEDB,P,,20.38975643
NLA06608-1288,516497,1,YES,SEDT,P,1,3.846923077
NLA06608-1292,505717,1,YES,SEDT,P,1,-7.175716781
NLA06608-1295,504778,1,YES,SEDT,P,1,-4.912913929
NLA06608-1295,504777,1,YES,SEDB,P,,-2.837392997
NLA06608-1300,504597,1,YES,SEDT,P,1,1.850447336
NLA06608-1303,505537,1,YES,SEDT,P,1,-36.08292039
NLA06608-1303,505538,1,YES,SEDB,P,,-16.23746972
NLA06608-1312,517587,1,YES,SEDT,P,1,0.567866099
NLA06608-1316,515608,1,YES,SEDT,P,1,-13.31170171
NLA06608-1319,510077,1,YES,SEDT,P,1,-25.49741147
NLA06608-1319,510078,1,YES,SEDB,P,,-28.04187456
NLA06608-1321,511807,1,YES,SEDT,P,1,4.02771005
NLA06608-1323,505847,1,YES,SEDT,P,1,-15.32502541
NLA06608-1326,506647,1,YES,SEDT,P,1,5.985304175
NLA06608-1326,506648,1,YES,SEDB,P,,-19.51790546
NLA06608-1329,512487,1,YES,SEDT,P,1,4.481304402
NLA06608-1332,515817,1,YES,SEDT,P,1,-9.527910667
NLA06608-1333,517557,1,YES,SEDT,P,1,-2.653596545
NLA06608-1333,517558,1,YES,SEDB,P,,-8.229988963
NLA06608-1334,504267,1,YES,SEDT,P,1,-19.1735482
NLA06608-1334,504268,1,YES,SEDB,P,,-29.94702923
NLA06608-1334,515337,2,NO,SEDT,P,,-14.85073193
NLA06608-1334,515338,2,NO,SEDB,P,,-21.2497205
NLA06608-1336,516677,1,YES,SEDT,P,1,-18.90414478
NLA06608-1338,514067,1,YES,SEDT,P,1,-7.553494459
NLA06608-1339,505068,1,YES,SEDT,P,1,-11.51266732
NLA06608-1342,506337,1,YES,SEDT,P,1,1.167576979
NLA06608-1342,506338,1,YES,SEDB,P,,-6.329413293
NLA06608-1344,504957,1,YES,SEDT,P,1,25.02944347
NLA06608-1346,504698,1,YES,SEDT,P,1,-8.528574372
NLA06608-1347,506697,1,YES,SEDT,P,1,-42.01288108
NLA06608-1347,506698,1,YES,SEDB,P,,3.203074996
NLA06608-1348,502087,1,YES,SEDT,P,1,-5.976291865
NLA06608-1349,512577,1,YES,SEDT,P,1,-28.49078338
NLA06608-1349,512578,1,YES,SEDB,P,,-7.172713771
NLA06608-1355,504528,1,NO,SEDT,P,,-0.261061126
NLA06608-1355,507317,2,YES,SEDT,P,2,-12.36104163
NLA06608-1355,507318,2,YES,SEDB,P,,-9.89597613
NLA06608-1356,510027,1,YES,SEDT,P,1,-5.492781481
NLA06608-1358,517467,1,YES,SEDT,P,1,-7.811339588
NLA06608-1358,517468,1,YES,SEDB,P,,-7.519135627
NLA06608-1358,517457,2,NO,SEDT,P,,-17.30360868
NLA06608-1358,517458,2,NO,SEDB,P,,-19.19331901
NLA06608-1359,510288,1,YES,SEDT,P,1,-15.96651389
NLA06608-1360,510057,1,YES,SEDT,P,1,-3.641846579
NLA06608-1364,502927,1,YES,SEDT,P,1,-19.24498786
NLA06608-1365,509707,1,YES,SEDT,P,1,-17.32654418
NLA06608-1367,511087,1,YES,SEDT,P,1,-22.94560868
NLA06608-1367,511088,1,YES,SEDB,P,,-25.48107579
NLA06608-1368,514797,1,YES,SEDT,P,1,-29.43115754
NLA06608-1369,504707,1,YES,SEDT,P,1,4.58631251
NLA06608-1370,511237,1,YES,SEDT,P,1,-17.19490034
NLA06608-1370,511238,1,YES,SEDB,P,,-25.06512573
NLA06608-1372,516767,1,YES,SEDT,P,1,-18.8883266
NLA06608-1375,513848,1,YES,SEDT,P,1,-38.06214437
NLA06608-1376,517257,1,YES,SEDT,P,1,-1.084682965
NLA06608-1380,504868,1,YES,SEDT,P,1,-6.879535716
NLA06608-1383,509717,1,YES,SEDT,P,1,-3.666018407
NLA06608-1383,509718,1,YES,SEDB,P,,-11.9886506
NLA06608-1387,504228,1,YES,SEDT,P,1,-15.66943644
NLA06608-1387,504227,1,YES,SEDB,P,,-26.41454431
NLA06608-1389,507087,1,YES,SEDT,P,1,4.246691723
NLA06608-1389,508747,2,NO,SEDT,P,,0.622174191
NLA06608-1390,503597,1,YES,SEDT,P,1,-10.14210905
NLA06608-1390,503598,1,YES,SEDB,P,,-15.93415711
NLA06608-1391,507757,1,YES,SEDT,P,1,-34.27946299
NLA06608-1391,507758,1,YES,SEDB,P,,-24.74157921
NLA06608-1396,502847,1,YES,SEDT,P,1,-4.658458374
NLA06608-1397,510347,1,YES,SEDT,P,1,-21.14136413
NLA06608-1398,509627,1,YES,SEDT,P,1,18.57243084
NLA06608-1398,509628,1,YES,SEDB,P,,13.48470529
NLA06608-1401,506037,1,YES,SEDT,P,1,-35.0299807
NLA06608-1403,505127,1,YES,SEDT,P,1,-3.561623131
NLA06608-1413,503127,1,YES,SEDT,P,1,-14.0059276
NLA06608-1413,503128,1,YES,SEDB,P,,-7.370774864
NLA06608-1414,509097,1,YES,SEDT,P,1,8.234811464
NLA06608-1414,509098,1,YES,SEDB,P,,-5.253708414
NLA06608-1420,516667,1,YES,SEDT,P,1,-6.749789306
NLA06608-1421,510327,1,YES,SEDT,P,1,-1.347983028
NLA06608-1421,510328,1,YES,SEDB,P,,-9.857866933
NLA06608-1425,508527,1,YES,SEDT,P,1,12.82631335
NLA06608-1425,508528,1,YES,SEDB,P,,18.19107437
NLA06608-1426,504457,1,YES,SEDT,P,1,7.276135393
NLA06608-1426,504458,1,YES,SEDB,P,,8.018786416
NLA06608-1432,505787,1,YES,SEDT,P,1,-6.371470491
NLA06608-1434,513587,1,YES,SEDT,P,1,-11.05981099
NLA06608-1434,513588,1,YES,SEDB,P,,-15.9332918
NLA06608-1436,514597,1,YES,SEDT,P,1,-2.26207433
NLA06608-1439,502388,1,YES,SEDT,P,1,24.37130257
NLA06608-1445,504407,1,YES,SEDT,P,1,0.258878424
NLA06608-1445,504408,1,YES,SEDB,P,,-1.893473716
NLA06608-1446,510037,1,YES,SEDT,P,1,-0.660513228
NLA06608-1446,510038,1,YES,SEDB,P,,1.654056811
NLA06608-1447,503427,1,YES,SEDT,P,1,-9.861940044
NLA06608-1447,503428,1,YES,SEDB,P,,-9.490734638
NLA06608-1450,512568,1,YES,SEDT,P,1,-22.34757194
NLA06608-1450,512567,1,YES,SEDB,P,,-1.576277362
NLA06608-1454,503277,1,YES,SEDT,P,1,-30.60448845
NLA06608-1454,503278,1,YES,SEDB,P,,-23.18233494
NLA06608-1455,511877,1,YES,SEDT,P,1,-5.787694189
NLA06608-1460,508027,1,YES,SEDT,P,1,-18.69774387
NLA06608-1461,516627,1,YES,SEDT,P,1,-13.44344637
NLA06608-1462,511647,1,YES,SEDT,P,1,-5.90911635
NLA06608-1465,510007,1,YES,SEDT,P,1,-11.79953387
NLA06608-1469,502857,1,YES,SEDT,P,1,-2.612340931
NLA06608-1469,502858,1,YES,SEDB,P,,-12.10913627
NLA06608-1473,510907,1,YES,SEDT,P,1,20.26251091
NLA06608-1473,510908,1,YES,SEDB,P,,20.10563062
NLA06608-1476,502277,1,YES,SEDT,P,1,-16.71316694
NLA06608-1476,502278,1,YES,SEDB,P,,-16.87935236
NLA06608-1482,502837,1,YES,SEDT,P,1,-2.941769309
NLA06608-1483,510667,1,YES,SEDT,P,1,11.97491325
NLA06608-1484,517787,1,YES,SEDT,P,1,12.92700881
NLA06608-1487,515397,1,YES,SEDT,P,1,-14.96440501
NLA06608-1488,510517,1,YES,SEDT,P,1,-25.91546431
NLA06608-1489,517607,1,YES,SEDT,P,1,9.453796568
NLA06608-1489,517608,1,YES,SEDB,P,,-1.654516964
NLA06608-1492,504507,1,YES,SEDT,P,1,-21.89481999
NLA06608-1496,507937,1,YES,SEDT,P,1,-4.882388084
NLA06608-1499,513877,1,YES,SEDT,P,1,-16.88731097
NLA06608-1499,513878,1,YES,SEDB,P,,-7.697064868
NLA06608-1504,513647,1,YES,SEDT,P,1,-18.72155849
NLA06608-1508,504177,1,YES,SEDT,P,1,-10.0984396
NLA06608-1510,511887,1,YES,SEDT,P,1,-19.42760448
NLA06608-1511,503097,1,YES,SEDT,P,1,-20.64885622
NLA06608-1515,511687,1,YES,SEDT,P,1,-29.78198483
NLA06608-1515,511688,1,YES,SEDB,P,,-17.36411974
NLA06608-1517,509677,1,YES,SEDT,P,1,4.631943976
NLA06608-1521,510598,1,YES,SEDT,P,1,-26.08222535
NLA06608-1524,502618,1,YES,SEDT,P,1,-10.03683937
NLA06608-1527,513867,1,YES,SEDT,P,1,-18.17465404
NLA06608-1527,513868,1,YES,SEDB,P,,-14.2208971
NLA06608-1529,506467,1,YES,SEDT,P,1,1.457530953
NLA06608-1532,503857,1,YES,SEDT,P,1,-25.80840774
NLA06608-1537,505617,1,YES,SEDT,P,1,-0.936989753
NLA06608-1537,505618,1,YES,SEDB,P,,5.544472597
NLA06608-1538,503697,1,YES,SEDT,P,1,11.87190163
NLA06608-1544,507537,1,YES,SEDT,P,1,-9.800594278
NLA06608-1544,507538,1,YES,SEDB,P,,-16.48494075
NLA06608-1556,511587,1,YES,SEDT,P,1,-15.83863899
NLA06608-1556,511588,1,YES,SEDB,P,,-0.439192285
NLA06608-1558,508817,1,YES,SEDT,P,1,13.53497907
NLA06608-1558,508818,1,YES,SEDB,P,,8.77693311
NLA06608-1560,507947,1,YES,SEDT,P,1,-7.860595368
NLA06608-1561,506007,1,YES,SEDT,P,1,7.879467206
NLA06608-1562,502787,1,YES,SEDT,P,1,11.98160875
NLA06608-1564,505967,1,YES,SEDT,P,1,-19.84578986
NLA06608-1568,504987,1,YES,SEDT,P,1,-19.13711714
NLA06608-1569,502067,1,YES,SEDT,P,1,-7.871529204
NLA06608-1569,502068,1,YES,SEDB,P,,-9.231364908
NLA06608-1572,515697,1,YES,SEDT,P,1,3.224469677
NLA06608-1575,504147,1,YES,SEDT,P,1,-35.18640445
NLA06608-1575,504148,1,YES,SEDB,P,,-31.45278241
NLA06608-1576,516448,1,YES,SEDT,P,1,-17.09036856
NLA06608-1577,502447,1,YES,SEDT,P,1,-8.058788713
NLA06608-1578,509507,1,YES,SEDT,P,1,-31.08476597
NLA06608-1578,509508,1,YES,SEDB,P,,6.577235333
NLA06608-1579,507457,1,YES,SEDT,P,1,-7.368337216
NLA06608-1586,505457,1,YES,SEDT,P,1,-1.916188649
NLA06608-1586,505458,1,YES,SEDB,P,,-1.254517197
NLA06608-1593,513897,1,YES,SEDT,P,1,-4.644862767
NLA06608-1595,502307,1,YES,SEDT,P,1,-0.459478213
NLA06608-1595,502308,1,YES,SEDB,P,,-0.406024898
NLA06608-1596,509778,1,YES,SEDT,P,1,-28.37817983
NLA06608-1596,509777,1,YES,SEDB,P,,-21.29410895
NLA06608-1600,512867,1,YES,SEDT,P,1,-23.66449864
NLA06608-1608,516878,1,YES,SEDT,P,1,14.56054613
NLA06608-1617,513248,1,YES,SEDT,P,1,-12.04626757
NLA06608-1617,513247,1,YES,SEDB,P,,-18.03373295
NLA06608-1623,514627,1,YES,SEDT,P,1,2.225628602
NLA06608-1626,504327,1,YES,SEDT,P,1,-16.396748
NLA06608-1626,504328,1,YES,SEDB,P,,-18.16913242
NLA06608-1630,515247,1,YES,SEDT,P,1,10.59567231
NLA06608-1631,511637,1,YES,SEDT,P,1,-36.07023255
NLA06608-1633,515127,1,YES,SEDT,P,1,-3.458150275
NLA06608-1637,507017,1,YES,SEDT,P,1,-1.523142664
NLA06608-1637,507018,1,YES,SEDB,P,,4.872535093
NLA06608-1638,511217,1,YES,SEDT,P,1,-23.42363727
NLA06608-1638,511218,1,YES,SEDB,P,,-16.26674842
NLA06608-1640,505887,1,YES,SEDT,P,1,-17.01525578
NLA06608-1641,505777,1,YES,SEDT,P,1,-20.38663124
NLA06608-1643,503788,1,YES,SEDT,P,1,6.081849291
NLA06608-1643,503787,1,YES,SEDB,P,,0.653268283
NLA06608-1652,502907,1,YES,SEDT,P,1,-16.08129083
NLA06608-1654,504677,1,YES,SEDT,P,1,2.805004798
NLA06608-1655,503167,1,YES,SEDT,P,1,-35.88446003
NLA06608-1668,508487,1,YES,SEDT,P,1,-23.18871599
NLA06608-1672,507267,1,YES,SEDT,P,1,-9.340804768
NLA06608-1674,504127,1,YES,SEDT,P,1,-10.18230167
NLA06608-1674,504128,1,YES,SEDB,P,,-11.63639029
NLA06608-1675,508597,1,YES,SEDT,P,1,-4.755944771
NLA06608-1679,507917,1,YES,SEDT,P,1,-4.601085361
NLA06608-1679,507918,1,YES,SEDB,P,,-8.003505546
NLA06608-1684,504857,1,YES,SEDT,P,1,-16.24538563
NLA06608-1684,515557,2,NO,SEDT,P,,-10.90866361
NLA06608-1687,514377,1,YES,SEDT,P,1,-37.30616683
NLA06608-1687,514378,1,YES,SEDB,P,,-27.30190645
NLA06608-1690,510967,1,YES,SEDT,P,1,-23.76793967
NLA06608-1690,510968,1,YES,SEDB,P,,-23.13987306
NLA06608-1695,511037,1,YES,SEDT,P,1,6.021337217
NLA06608-1695,511038,1,YES,SEDB,P,,13.22089127
NLA06608-1703,510227,1,YES,SEDT,P,1,-33.04488976
NLA06608-1703,510228,1,YES,SEDB,P,,-20.8447907
NLA06608-1704,514757,1,YES,SEDT,P,1,-5.632775694
NLA06608-1706,516297,1,YES,SEDT,P,1,-19.04380249
NLA06608-1707,510477,1,YES,SEDT,P,1,-6.029954678
NLA06608-1707,510478,1,YES,SEDB,P,,-1.938923289
NLA06608-1711,509297,1,YES,SEDT,P,1,3.069203719
NLA06608-1715,503997,1,YES,SEDT,P,1,-5.322677006
NLA06608-1719,514007,1,YES,SEDT,P,1,-24.58987408
NLA06608-1719,514008,1,YES,SEDB,P,,-35.79964637
NLA06608-1723,505817,1,YES,SEDT,P,1,-33.84599371
NLA06608-1724,503387,1,YES,SEDT,P,1,-22.05821114
NLA06608-1733,503117,1,YES,SEDT,P,1,-14.71167962
NLA06608-1733,503118,1,YES,SEDB,P,,-11.65184009
NLA06608-1735,517197,1,YES,SEDT,P,1,29.90075167
NLA06608-1735,517198,1,YES,SEDB,P,,28.37696213
NLA06608-1736,507837,1,YES,SEDT,P,1,-18.44005131
NLA06608-1736,507838,1,YES,SEDB,P,,-13.11530329
NLA06608-1740,506837,1,YES,SEDT,P,1,-22.25432825
NLA06608-1741,505088,1,YES,SEDT,P,1,1.100640937
NLA06608-1741,505087,1,YES,SEDB,P,,11.72961322
NLA06608-1742,508098,1,YES,SEDT,P,1,-0.546059139
NLA06608-1742,508097,1,YES,SEDB,P,,-2.881565707
NLA06608-1748,507447,1,YES,SEDT,P,1,15.13371605
NLA06608-1753,511047,1,YES,SEDT,P,1,12.50966187
NLA06608-1753,511048,1,YES,SEDB,P,,15.2089611
NLA06608-1755,513527,1,YES,SEDT,P,1,-19.28497345
NLA06608-1755,513528,1,YES,SEDB,P,,-15.49146892
NLA06608-1758,507817,1,YES,SEDT,P,1,-3.048271037
NLA06608-1758,507818,1,YES,SEDB,P,,-8.043588805
NLA06608-1771,511677,1,YES,SEDT,P,1,-12.38352738
NLA06608-1771,511678,1,YES,SEDB,P,,-15.34544194
NLA06608-1775,515757,1,YES,SEDT,P,1,-17.99399059
NLA06608-1782,510567,1,YES,SEDT,P,1,-25.81664582
NLA06608-1782,510568,1,YES,SEDB,P,,-21.93260465
NLA06608-1789,517877,1,YES,SEDT,P,1,-13.41001028
NLA06608-1791,508277,1,YES,SEDT,P,1,-18.90521154
NLA06608-1793,510277,1,YES,SEDT,P,1,20.27682382
NLA06608-1793,510278,1,YES,SEDB,P,,6.062476362
NLA06608-1800,517687,1,YES,SEDT,P,1,8.6440807
NLA06608-1800,517688,1,YES,SEDB,P,,10.98373726
NLA06608-1802,510797,1,YES,SEDT,P,1,-7.309072833
NLA06608-1804,502687,1,YES,SEDT,P,1,-21.95507387
NLA06608-1808,503767,1,YES,SEDT,P,1,22.13989611
NLA06608-1810,508117,1,YES,SEDT,P,1,-12.73192955
NLA06608-1811,514237,1,YES,SEDT,P,1,-19.89867016
NLA06608-1811,514238,1,YES,SEDB,P,,-18.85110177
NLA06608-1812,515577,1,YES,SEDT,P,1,-19.88219522
NLA06608-1818,510527,1,YES,SEDT,P,1,3.693308626
NLA06608-1818,510528,1,YES,SEDB,P,,1.614546521
NLA06608-1821,507097,1,YES,SEDT,P,1,0.372723693
NLA06608-1824,512317,1,YES,SEDT,P,1,-9.522787023
NLA06608-1825,511497,1,YES,SEDT,P,1,-27.0068576
NLA06608-1825,511498,1,YES,SEDB,P,,-3.798615982
NLA06608-1835,507546,1,NO,ZOOF,P,,-1.254115572
NLA06608-1835,507547,1,YES,SEDT,P,1,-17.98819668
NLA06608-1835,507548,1,YES,SEDB,P,,-14.7111127
NLA06608-1836,509217,1,YES,SEDT,P,1,-16.90424105
NLA06608-1836,509218,1,YES,SEDB,P,,-11.60258297
NLA06608-1839,509687,1,YES,SEDT,P,1,16.34215073
NLA06608-1840,509487,1,YES,SEDT,P,1,-17.52012921
NLA06608-1851,505077,1,YES,SEDT,P,1,8.683007963
NLA06608-1856,504137,1,YES,SEDT,P,1,-19.88148712
NLA06608-1857,504117,1,YES,SEDT,P,1,-2.87776074
NLA06608-1857,504118,1,YES,SEDB,P,,0.285215364
NLA06608-1861,507197,1,YES,SEDT,P,1,-24.57702118
NLA06608-1861,507198,1,YES,SEDB,P,,-25.05959837
NLA06608-1862,510827,1,YES,SEDT,P,1,4.283938317
NLA06608-1863,517167,1,YES,SEDT,P,1,1.428051177
NLA06608-1866,509287,1,YES,SEDT,P,1,-0.307237595
NLA06608-1867,512827,1,YES,SEDT,P,1,-20.80898226
NLA06608-1867,512828,1,YES,SEDB,P,,-17.85367296
NLA06608-1868,513927,1,YES,SEDT,P,1,-35.99444646
NLA06608-1871,507277,1,YES,SEDT,P,1,-1.274853661
NLA06608-1873,517677,1,YES,SEDT,P,1,-13.8567086
NLA06608-1874,504067,1,YES,SEDT,P,1,2.116012562
NLA06608-1879,512417,1,YES,SEDT,P,1,-22.86212923
NLA06608-1879,512418,1,YES,SEDB,P,,-17.21608181
NLA06608-1884,507527,1,YES,SEDT,P,1,-9.536250921
NLA06608-1893,504817,1,YES,SEDT,P,1,-0.889913305
NLA06608-1894,508237,1,YES,SEDT,P,1,-6.099644309
NLA06608-1894,508238,1,YES,SEDB,P,,-14.52781887
NLA06608-1906,513857,1,YES,SEDT,P,1,-4.83658612
NLA06608-1906,513858,1,YES,SEDB,P,,-2.673901306
NLA06608-1908,509407,1,YES,SEDT,P,1,-2.101732591
NLA06608-1910,510697,1,YES,SEDT,P,1,7.47656703
NLA06608-1910,510698,1,YES,SEDB,P,,-11.40872779
NLA06608-1930,507207,1,YES,SEDT,P,1,-2.650225512
NLA06608-1936,512067,1,YES,SEDT,P,1,-17.53279915
NLA06608-1948,509147,1,YES,SEDT,P,1,-33.29073959
NLA06608-1948,509148,1,YES,SEDB,P,,-28.07188995
NLA06608-1953,508207,1,YES,SEDT,P,1,-1.981767182
NLA06608-1953,508208,1,YES,SEDB,P,,-1.490588897
NLA06608-1958,509807,1,YES,SEDT,P,1,-4.948951803
NLA06608-1960,513547,1,YES,SEDT,P,1,-12.03987769
NLA06608-1968,504297,1,YES,SEDT,P,1,-17.50788921
NLA06608-1975,513767,1,YES,SEDT,P,1,-19.25068001
NLA06608-1975,513768,1,YES,SEDB,P,,-31.36893894
NLA06608-1985,507747,1,YES,SEDT,P,1,-10.4122911
NLA06608-1985,507748,1,YES,SEDB,P,,-3.912233719
NLA06608-1989,512687,1,YES,SEDT,P,1,1.719348728
NLA06608-1992,514787,1,YES,SEDT,P,1,-5.248623351
NLA06608-1998,513407,1,YES,SEDT,P,1,8.924382628
NLA06608-1998,513408,1,YES,SEDB,P,,10.83382738
NLA06608-1998,515537,2,NO,SEDT,P,,8.683013178
NLA06608-1998,515538,2,NO,SEDB,P,,4.56392959
NLA06608-2007,506708,1,YES,SEDT,P,1,-41.37110914
NLA06608-2007,506707,1,YES,SEDB,P,,-20.32005259
NLA06608-2010,505527,1,YES,SEDT,P,1,9.112612655
NLA06608-2027,505957,1,YES,SEDT,P,1,-17.00872366
NLA06608-2036,508037,1,YES,SEDT,P,1,-39.01320775
NLA06608-2036,508038,1,YES,SEDB,P,,-17.63024689
NLA06608-2037,502247,1,YES,SEDT,P,1,5.462121139
NLA06608-2037,502248,1,YES,SEDB,P,,0.823762853
NLA06608-2039,513477,1,YES,SEDT,P,1,-15.93544034
NLA06608-2049,509537,1,YES,SEDT,P,1,-4.84619933
NLA06608-2049,509538,1,YES,SEDB,P,,4.402039673
NLA06608-2056,513437,1,YES,SEDT,P,1,-21.83204412
NLA06608-2072,514607,1,YES,SEDT,P,1,3.065749503
NLA06608-2074,503107,1,YES,SEDT,P,1,-5.082105101
NLA06608-2076,503777,1,YES,SEDT,P,1,20.24731419
NLA06608-2078,510247,1,YES,SEDT,P,1,9.214960579
NLA06608-2078,510248,1,YES,SEDB,P,,6.381231049
NLA06608-2082,517277,1,YES,SEDT,P,1,-0.058387791
NLA06608-2086,517307,1,YES,SEDT,P,1,3.147678411
NLA06608-2086,517308,1,YES,SEDB,P,,-7.329177456
NLA06608-2087,504017,1,YES,SEDT,P,1,-50.3433434
NLA06608-2087,504018,1,YES,SEDB,P,,-47.38805197
NLA06608-2092,510727,1,YES,SEDT,P,1,12.25868286
NLA06608-2094,514317,1,YES,SEDT,P,1,3.661615949
NLA06608-2095,513167,1,YES,SEDT,P,1,0.056323501
NLA06608-2103,514047,1,YES,SEDT,P,1,-29.50077444
NLA06608-2103,514048,1,YES,SEDB,P,,-24.30232744
NLA06608-2114,507107,1,YES,SEDT,P,1,4.255165191
NLA06608-2117,503187,1,YES,SEDT,P,1,-15.63308652
NLA06608-2117,503188,1,YES,SEDB,P,,-16.46781437
NLA06608-2120,511827,1,YES,SEDT,P,1,-3.034087001
NLA06608-2123,510087,1,YES,SEDT,P,1,-40.26288733
NLA06608-2123,510088,1,YES,SEDB,P,,-27.43140772
NLA06608-2131,514967,1,YES,SEDT,P,1,-27.52903337
NLA06608-2131,514968,1,YES,SEDB,P,,-27.01272605
NLA06608-2135,511317,1,YES,SEDT,P,1,-42.32172271
NLA06608-2135,511318,1,YES,SEDB,P,,-26.15908367
NLA06608-2154,506907,1,YES,SEDT,P,1,-15.1680946
NLA06608-2155,511517,1,YES,SEDT,P,1,-9.51994036
NLA06608-2155,511518,1,YES,SEDB,P,,-0.912214081
NLA06608-2162,505488,1,YES,SEDT,P,1,6.782601194
NLA06608-2162,505487,1,YES,SEDB,P,,3.570862817
NLA06608-2170,513777,1,YES,SEDT,P,1,-16.95470454
NLA06608-2170,513778,1,YES,SEDB,P,,-33.60277759
NLA06608-2177,510197,1,YES,SEDT,P,1,-13.19822023
NLA06608-2177,510198,1,YES,SEDB,P,,-11.41508635
NLA06608-2185,505867,1,YES,SEDT,P,1,0.810227542
NLA06608-2185,505868,1,YES,SEDB,P,,4.478871665
NLA06608-2187,505987,1,YES,SEDT,P,1,-8.527632158
NLA06608-2193,513317,1,YES,SEDT,P,1,8.828110989
NLA06608-2193,513318,1,YES,SEDB,P,,-1.888327826
NLA06608-2196,511377,1,YES,SEDT,P,1,-22.4807292
NLA06608-2219,506667,1,YES,SEDT,P,1,-29.67315884
NLA06608-2241,516547,1,YES,SEDT,P,1,14.84261461
NLA06608-2241,516548,1,YES,SEDB,P,,12.88444513
NLA06608-2250,513717,1,YES,SEDT,P,1,-5.799099981
NLA06608-2250,513718,1,YES,SEDB,P,,-7.945058721
NLA06608-2253,505117,1,YES,SEDT,P,1,2.325909253
NLA06608-2253,505118,1,YES,SEDB,P,,9.85559879
NLA06608-2257,517697,1,YES,SEDT,P,1,12.8764374
NLA06608-2257,517698,1,YES,SEDB,P,,19.64200234
NLA06608-2266,502157,1,YES,SEDT,P,1,19.09925595
NLA06608-2267,513027,1,YES,SEDT,P,1,-16.58075914
NLA06608-2267,513028,1,YES,SEDB,P,,-14.14114001
NLA06608-2283,514987,1,YES,SEDT,P,1,-11.81172798
NLA06608-2283,514988,1,YES,SEDB,P,,-18.64946783
NLA06608-2305,506067,1,YES,SEDT,P,1,6.394884601
NLA06608-2305,506068,1,YES,SEDB,P,,3.015473765
NLA06608-2322,511997,1,YES,SEDT,P,1,-26.98071151
NLA06608-2332,512527,1,YES,SEDT,P,1,-21.61133619
NLA06608-2333,503688,1,YES,SEDT,P,1,24.6198523
NLA06608-2333,503687,1,YES,SEDB,P,,27.88432643
NLA06608-2345,511407,1,YES,SEDT,P,1,15.67928058
NLA06608-2354,508907,1,YES,SEDT,P,1,-20.73426667
NLA06608-2354,508908,1,YES,SEDB,P,,-1.988286331
NLA06608-2372,511767,1,YES,SEDT,P,1,-12.30328082
NLA06608-2379,513747,1,YES,SEDT,P,1,-17.99275556
NLA06608-2418,508128,1,YES,SEDT,P,1,-10.41313116
NLA06608-2418,508127,1,YES,SEDB,P,,2.070096031
NLA06608-2429,509337,1,YES,SEDT,P,1,-15.61391185
NLA06608-2438,517757,1,YES,SEDT,P,1,4.207165925
NLA06608-2450,505687,1,YES,SEDT,P,1,17.90757363
NLA06608-2453,510737,1,YES,SEDT,P,1,-6.010451126
NLA06608-2457,511117,1,YES,SEDT,P,1,7.236989606
NLA06608-2463,502258,1,YES,SEDT,P,1,1.479487255
NLA06608-2477,504977,1,YES,SEDT,P,1,-4.625831844
NLA06608-2477,504978,1,YES,SEDB,P,,-1.182127831
NLA06608-2481,504577,1,YES,SEDT,P,1,-11.24974492
NLA06608-2492,503237,1,YES,SEDT,P,1,-19.81672055
NLA06608-2497,505677,1,YES,SEDT,P,1,-13.33856487
NLA06608-2497,505678,1,YES,SEDB,P,,7.993228697
NLA06608-2507,512158,1,YES,SEDT,P,1,-6.556048124
NLA06608-2513,513058,1,YES,SEDT,P,1,-7.983506622
NLA06608-2513,513057,1,YES,SEDB,P,,-10.05620501
NLA06608-2523,512097,1,YES,SEDT,P,1,-27.65300842
NLA06608-2523,512098,1,YES,SEDB,P,,-14.72077264
NLA06608-2524,504097,1,YES,SEDT,P,1,-11.66622204
NLA06608-2524,504098,1,YES,SEDB,P,,6.690951026
NLA06608-2565,513657,1,YES,SEDT,P,1,-1.852521203
NLA06608-2565,513658,1,YES,SEDB,P,,-3.861813405
NLA06608-2566,508738,1,YES,SEDT,P,1,-7.599866055
NLA06608-2566,508737,1,YES,SEDB,P,,-10.91086651
NLA06608-2593,502027,1,YES,SEDT,P,1,-16.86540445
NLA06608-2593,502028,1,YES,SEDB,P,,-25.83212144
NLA06608-2629,503177,1,YES,SEDT,P,1,-16.63199854
NLA06608-2629,503178,1,YES,SEDB,P,,-1.686592007
NLA06608-2634,512717,1,YES,SEDT,P,1,5.278949554
NLA06608-2634,512718,1,YES,SEDB,P,,5.705151194
NLA06608-2640,513387,1,YES,SEDT,P,1,-13.67008246
NLA06608-2644,512147,1,YES,SEDT,P,1,2.297565164
NLA06608-2655,511017,1,YES,SEDT,P,1,-30.94581286
NLA06608-2657,513667,1,YES,SEDT,P,1,-4.150969871
NLA06608-2657,513668,1,YES,SEDB,P,,-1.775493176
NLA06608-2663,514827,1,YES,SEDT,P,1,-9.344181685
NLA06608-2673,517617,1,YES,SEDT,P,1,9.724935836
NLA06608-2673,517618,1,YES,SEDB,P,,1.436267783
NLA06608-2685,511417,1,YES,SEDT,P,1,17.47163236
NLA06608-2685,511418,1,YES,SEDB,P,,9.65872665
NLA06608-2696,514697,1,YES,SEDT,P,1,-15.50534119
NLA06608-2704,507787,1,YES,SEDT,P,1,-12.22976156
NLA06608-2708,512737,1,YES,SEDT,P,1,-7.281374609
NLA06608-2714,509927,1,YES,SEDT,P,1,19.62437864
NLA06608-2715,509167,1,YES,SEDT,P,1,-7.709271167
NLA06608-2726,517357,1,YES,SEDT,P,1,7.380575148
NLA06608-2726,517358,1,YES,SEDB,P,,-12.20374812
NLA06608-2740,512747,1,YES,SEDT,P,1,-13.46041708
NLA06608-2753,508887,1,YES,SEDT,P,1,-21.19632095
NLA06608-2753,508888,1,YES,SEDB,P,,-15.94659523
NLA06608-2759,508937,1,YES,SEDT,P,1,9.654094448
NLA06608-2776,516287,1,YES,SEDT,P,1,-20.67367878
NLA06608-2779,512798,1,YES,SEDT,P,1,-14.98342085
NLA06608-2779,512797,1,YES,SEDB,P,,-5.808540741
NLA06608-2797,504757,1,YES,SEDT,P,1,-6.941832586
NLA06608-2800,517967,1,YES,SEDT,P,1,22.85692819
NLA06608-2801,502007,1,YES,SEDT,P,1,5.825334116
NLA06608-2807,513817,1,YES,SEDT,P,1,-7.079165048
NLA06608-2823,516517,1,YES,SEDT,P,1,21.71647729
NLA06608-2824,512587,1,YES,SEDT,P,1,-12.08772564
NLA06608-2831,513377,1,YES,SEDT,P,1,-18.666883
NLA06608-2833,509227,1,YES,SEDT,P,1,-1.527864352
NLA06608-2833,509228,1,YES,SEDB,P,,-11.75121903
NLA06608-2874,517977,1,YES,SEDT,P,1,-4.975411501
NLA06608-2881,516757,1,YES,SEDT,P,1,4.889786919
NLA06608-2881,516758,1,YES,SEDB,P,,-0.981257731
NLA06608-2889,510777,1,YES,SEDT,P,1,-6.93703008
NLA06608-2889,510778,1,YES,SEDB,P,,3.319006839
NLA06608-2891,512767,1,YES,SEDT,P,1,-13.32960507
NLA06608-2891,512768,1,YES,SEDB,P,,-1.263584861
NLA06608-2916,510617,1,YES,SEDT,P,1,-6.147488846
NLA06608-2924,507057,1,YES,SEDT,P,1,-21.29973047
NLA06608-2954,511867,1,YES,SEDT,P,1,-10.81062882
NLA06608-2954,511868,1,YES,SEDB,P,,-10.09014082
NLA06608-2955,506047,1,YES,SEDT,P,1,-13.83713905
NLA06608-2972,511347,1,YES,SEDT,P,1,-30.64991109
NLA06608-2972,511348,1,YES,SEDB,P,,-41.53284833
NLA06608-2987,513607,1,YES,SEDT,P,1,-21.94576919
NLA06608-2987,513608,1,YES,SEDB,P,,-3.245230719
NLA06608-2996,509177,1,YES,SEDT,P,1,-27.31384556
NLA06608-3032,516317,1,YES,SEDT,P,1,-25.28144457
NLA06608-3035,507467,1,YES,SEDT,P,1,-16.36983447
NLA06608-3035,507468,1,YES,SEDB,P,,-11.0601907
NLA06608-3083,509387,1,YES,SEDT,P,1,-15.97242914
NLA06608-3096,516847,1,YES,SEDT,P,1,1.0404299
NLA06608-3121,513617,1,YES,SEDT,P,1,-13.96757705
NLA06608-3147,504207,1,YES,SEDT,P,1,-14.96482117
NLA06608-3147,504208,1,YES,SEDB,P,,-32.94290636
NLA06608-3153,517727,1,YES,SEDT,P,1,7.492382273
NLA06608-3153,517728,1,YES,SEDB,P,,-8.699098841
NLA06608-3157,503017,1,YES,SEDT,P,1,-3.250748937
NLA06608-3160,512807,1,YES,SEDT,P,1,-26.94813447
NLA06608-3169,511927,1,YES,SEDT,P,1,-12.53984587
NLA06608-3169,511928,1,YES,SEDB,P,,-25.99048039
NLA06608-3228,516867,1,YES,SEDT,P,1,-18.15175323
NLA06608-3265,517267,1,YES,SEDT,P,1,2.572620845
NLA06608-3265,517268,1,YES,SEDB,P,,1.211234911
NLA06608-3303,514647,1,YES,SEDT,P,1,-24.40494403
NLA06608-3313,511057,1,YES,SEDT,P,1,-10.16629288
NLA06608-3329,505637,1,YES,SEDT,P,1,16.80550558
NLA06608-3329,505638,1,YES,SEDB,P,,21.37343326
NLA06608-3484,509667,1,YES,SEDT,P,1,-23.74020878
NLA06608-3484,509668,1,YES,SEDB,P,,-17.34524302
NLA06608-3608,512837,1,YES,SEDT,P,1,-17.69835223
NLA06608-3644,513147,1,YES,SEDT,P,1,-24.37895738
NLA06608-3644,513148,1,YES,SEDB,P,,-20.38099639
NLA06608-3656,509757,1,YES,SEDT,P,1,-35.630975
NLA06608-3656,509758,1,YES,SEDB,P,,-14.35458293
NLA06608-3660,502167,1,YES,SEDT,P,1,-20.56547853
NLA06608-3698,513417,1,YES,SEDT,P,1,0.533504677
NLA06608-3698,513418,1,YES,SEDB,P,,10.10101328
NLA06608-3846,508727,1,YES,SEDT,P,1,8.074072519
NLA06608-3846,508728,1,YES,SEDB,P,,4.075635587
NLA06608-3890,505417,1,YES,SEDT,P,1,-7.573294282
NLA06608-3890,505418,1,YES,SEDB,P,,-5.206674221
NLA06608-3911,508347,1,YES,SEDT,P,1,2.180441712
NLA06608-4252,513127,1,YES,SEDT,P,1,-1.487171075
NLA06608-4252,513128,1,YES,SEDB,P,,-9.165699615
NLA06608-4413,507397,1,YES,SEDT,P,1,-15.60671036
NLA06608-4413,507398,1,YES,SEDB,P,,-7.481501778
NLA06608-4650,510677,1,YES,SEDT,P,1,4.00776928
NLA06608-4686,507977,1,YES,SEDT,P,1,8.780957103
NLA06608-4698,508357,1,YES,SEDT,P,1,-25.46947638
NLA06608-9999,503907,1,YES,SEDT,P,1,6.399589147
NLA06608-9999,503908,1,YES,SEDB,P,,0.036818887
NLA06608-ACAD_LAKES_0435,513457,1,YES,SEDT,P,1,4.299522055
NLA06608-ACAD_LAKES_0435,513458,1,YES,SEDB,P,,3.317488467
NLA06608-ALPS:1218,509967,1,YES,SEDT,P,1,-21.3024098
NLA06608-ALPS:1218,509968,1,YES,SEDB,P,,-18.20165477
NLA06608-ALSC:020149,517437,1,YES,SEDT,P,1,0.406829457
NLA06608-ALSC:020149,517438,1,YES,SEDB,P,,-6.227336964
NLA06608-ELS:1C3-003,511367,1,YES,SEDT,P,1,2.484128768
NLA06608-ELS:1C3-003,511368,1,YES,SEDB,P,,-8.31860016
NLA06608-ELS:1D1-035,503987,1,YES,SEDT,P,1,-17.85197489
NLA06608-ELS:1D1-035,503988,1,YES,SEDB,P,,-6.396157817
NLA06608-ELS:1D2-087,503677,1,YES,SEDT,P,1,2.632069233
NLA06608-ELS:1D2-087,503678,1,YES,SEDB,P,,4.518515102
NLA06608-ELS:1E1-052,509037,1,YES,SEDT,P,1,-5.598127503
NLA06608-ELS:1E1-052,509038,1,YES,SEDB,P,,-2.053811713
NLA06608-ELS:1E1-096,510217,1,YES,SEDT,P,1,9.326334241
NLA06608-ELS:1E1-096,510218,1,YES,SEDB,P,,8.562281418
NLA06608-ELS:1E2-027,506817,1,YES,SEDT,P,1,6.818930093
NLA06608-ELS:1E2-027,506818,1,YES,SEDB,P,,1.716008049
NLA06608-ELS:1E3-012,503957,1,YES,SEDT,P,1,-2.551033102
NLA06608-ELS:1E3-012,503958,1,YES,SEDB,P,,0.052580642
NLA06608-ELS:1E3-071,508187,1,YES,SEDT,P,1,3.287624814
NLA06608-ELS:1E3-071,508188,1,YES,SEDB,P,,-5.887253327
NLA06608-ELS:2B2-008,503567,1,YES,SEDT,P,1,-4.387485382
NLA06608-ELS:2B2-008,503568,1,YES,SEDB,P,,-4.470956604
NLA06608-ELS:2C2-048,503547,1,YES,SEDT,P,1,8.636144066
NLA06608-ELS:2C2-048,503548,1,YES,SEDB,P,,0.347890911
NLA06608-ELS:2C3-018,512287,1,YES,SEDT,P,1,4.65366831
NLA06608-ELS:2C3-018,512288,1,YES,SEDB,P,,-3.040657769
NLA06608-ELS:2D3-008,511727,1,YES,SEDT,P,1,-33.48887435
NLA06608-ELS:2D3-008,511728,1,YES,SEDB,P,,-9.21898781
NLA06608-ELS-1C2-032,508157,1,YES,SEDT,P,1,6.270658229
NLA06608-ELS-1C2-032,508158,1,YES,SEDB,P,,11.28912355
NLA06608-EMAP:ME011L,504537,1,YES,SEDT,P,1,18.51354873
NLA06608-EMAP:ME011L,504538,1,YES,SEDB,P,,5.174615657
NLA06608-EMAP:ME012L,508877,1,YES,SEDT,P,1,-8.791946311
NLA06608-EMAP:ME012L,508878,1,YES,SEDB,P,,-19.01028438
NLA06608-EMAP:ME254L,509057,1,YES,SEDT,P,1,-5.432333162
NLA06608-EMAP:ME254L,509058,1,YES,SEDB,P,,1.127974616
NLA06608-EMAP:ME-263L,509977,1,YES,SEDT,P,1,0.181558567
NLA06608-EMAP:ME-263L,509978,1,YES,SEDB,P,,-9.019674358
NLA06608-EMAP:ME-518L,507847,1,YES,SEDT,P,1,-0.408659056
NLA06608-EMAP:ME-518L,507848,1,YES,SEDB,P,,-6.375795768
NLA06608-EMAP-NH250L,506917,1,YES,SEDT,P,1,2.563705856
NLA06608-EMAP-NH250L,506918,1,YES,SEDB,P,,-2.56850821
NLA06608-FL:107895579,513807,1,YES,SEDT,P,1,-21.11076395
NLA06608-FL:107895579,513808,1,YES,SEDB,P,,-22.44405872
NLA06608-FL:16674741,511907,1,YES,SEDT,P,1,-3.424191546
NLA06608-FL:16674741,511908,1,YES,SEDB,P,,-6.224082851
NLA06608-FL:18261987,512847,1,YES,SEDT,P,1,5.25730507
NLA06608-FL:18261987,512848,1,YES,SEDB,P,,-1.955531152
NLA06608-FL:99324403,513727,1,YES,SEDT,P,1,7.828503441
NLA06608-FL:99324403,513728,1,YES,SEDB,P,,7.757800447
NLA06608-FL:99344895,508927,1,YES,SEDT,P,1,-2.154859765
NLA06608-IN:646,512477,1,YES,SEDT,P,1,-4.38209001
NLA06608-IN:646,512478,1,YES,SEDB,P,,-26.07960074
NLA06608-MI:7007,510467,1,YES,SEDT,P,1,-7.647755577
NLA06608-MI:7007,510468,1,YES,SEDB,P,,-22.53095242
NLA06608-MN:03-0029,508257,1,YES,SEDT,P,1,0.829900469
NLA06608-MN:03-0029,508258,1,YES,SEDB,P,,-4.185413534
NLA06608-MN:06-0002,507987,1,YES,SEDT,P,1,-27.08945848
NLA06608-MN:06-0002,507988,1,YES,SEDB,P,,-19.24130374
NLA06608-MN:11-0102,511657,1,YES,SEDT,P,1,0.060605384
NLA06608-MN:11-0102,511658,1,YES,SEDB,P,,12.03139787
NLA06608-MN:15-0010,508247,1,YES,SEDT,P,1,-10.68504249
NLA06608-MN:15-0010,508248,1,YES,SEDB,P,,-11.93694704
NLA06608-MN:22-0074,517987,1,YES,SEDT,P,1,-9.964222405
NLA06608-MN:22-0074,517988,1,YES,SEDB,P,,-13.28995444
NLA06608-MN:49-0140,518047,1,YES,SEDT,P,1,-29.01700395
NLA06608-MN:49-0140,518048,1,YES,SEDB,P,,-4.074016288
NLA06608-MN:51-0063,510748,1,YES,SEDT,P,1,-42.56743839
NLA06608-MN:51-0063,510747,1,YES,SEDB,P,,-23.62595386
NLA06608-MN:56-0306,516737,1,YES,SEDT,P,1,-18.33405033
NLA06608-MN:56-0306,516738,1,YES,SEDB,P,,-12.96918463
NLA06608-MN:61-0037,517997,1,YES,SEDT,P,1,-21.95186052
NLA06608-MN:61-0037,517998,1,YES,SEDB,P,,-2.918825312
NLA06608-MN:74-0023,516257,1,YES,SEDT,P,1,-6.001942073
NLA06608-MN:74-0023,516258,1,YES,SEDB,P,,-11.77893172
NLA06608-MN:75-0200,506517,1,YES,SEDT,P,1,-27.02821508
NLA06608-MN:75-0200,506518,1,YES,SEDB,P,,-34.83788402
NLA06608-MN:77-0019,516367,1,YES,SEDT,P,1,-14.08954755
NLA06608-MN:77-0019,516368,1,YES,SEDB,P,,-28.00086169
NLA06608-MN:87-0030,510767,1,YES,SEDT,P,1,-30.29425154
NLA06608-MN:87-0030,510768,1,YES,SEDB,P,,-21.78747084
NLA06608-NELP-0253,511617,1,YES,SEDT,P,1,-12.21830636
NLA06608-NELP-0253,511618,1,YES,SEDB,P,,-16.73855807
NLA06608-NELP-0955,505597,1,YES,SEDT,P,1,-11.00863612
NLA06608-NELP-0955,505598,1,YES,SEDB,P,,-11.32318406
NLA06608-NELP-1041,509947,1,YES,SEDT,P,1,-0.316823365
NLA06608-NELP-1041,509948,1,YES,SEDB,P,,1.746335615
NLA06608-NELP-1330,508757,1,YES,SEDT,P,1,-5.880198162
NLA06608-NELP-1330,508758,1,YES,SEDB,P,,-0.0716272
NLA06608-NELP-2155,511097,1,YES,SEDT,P,1,1.725969223
NLA06608-NELP-2155,511098,1,YES,SEDB,P,,5.710405835
NLA06608-NELP-3355,512267,1,YES,SEDT,P,1,9.087773569
NLA06608-NELP-3355,512268,1,YES,SEDB,P,,3.812115566
NLA06608-NELP-3586,510497,1,YES,SEDT,P,1,-6.075909575
NLA06608-NELP-3586,510498,1,YES,SEDB,P,,-6.285799684
NLA06608-NH4912,504397,1,YES,SEDT,P,1,-3.507465289
NLA06608-NH4912,504398,1,YES,SEDB,P,,-12.55934043
NLA06608-NV:2,517237,1,YES,SEDT,P,1,4.523438557
NLA06608-NV:2,517238,1,YES,SEDB,P,,6.732876009
NLA06608-NV:3,517037,1,YES,SEDT,P,1,7.082121499
NLA06608-NV:3,517038,1,YES,SEDB,P,,-0.402293745
NLA06608-NV:4,517117,1,YES,SEDT,P,1,11.07321352
NLA06608-OH:19,517487,1,YES,SEDT,P,1,-14.59574081
NLA06608-OH:19,517488,1,YES,SEDB,P,,-7.391846497
NLA06608-OH:22,515747,1,YES,SEDT,P,1,-4.565184101
NLA06608-OH:22,515748,1,YES,SEDB,P,,-13.56061066
NLA06608-R10BULLTR,515617,1,YES,SEDT,P,1,-9.939227242
NLA06608-R10BULLTR,515618,1,YES,SEDB,P,,2.025360582
NLA06608-R10DEERLA,508267,1,YES,SEDT,P,1,12.47338602
NLA06608-R10FISHLA,511227,1,YES,SEDT,P,1,7.844902707
NLA06608-R10SQUAWL,509587,1,YES,SEDT,P,1,-22.72700287
NLA06608-R10SQUAWL,509588,1,YES,SEDB,P,,-6.355030358
NLA06608-R10ULAKE,515637,1,YES,SEDT,P,1,-15.59353556
NLA06608-R10ULAKE,515638,1,YES,SEDB,P,,2.71437824
NLA06608-R10YELLOW,515627,1,YES,SEDT,P,1,25.11879634
NLA06608-R3:1,508437,1,YES,SEDT,P,1,2.607682821
NLA06608-R3:2,513267,1,YES,SEDT,P,1,-15.81231326
NLA06608-R3:34,513738,1,YES,SEDT,P,1,5.923166707
NLA06608-R3:4,511487,1,YES,SEDT,P,1,-8.161895324
NLA06608-R314,509847,1,YES,SEDT,P,1,12.74633981
NLA06608-R315,510947,1,YES,SEDT,P,1,3.358909503
NLA06608-R318,504247,1,YES,SEDT,P,1,0.874501428
NLA06608-R319,516237,1,YES,SEDT,P,1,20.48414882
NLA06608-R322,511327,1,YES,SEDT,P,1,8.285015361
NLA06608-R323,516377,1,YES,SEDT,P,1,-7.819443912
NLA06608-R324,516357,1,YES,SEDT,P,1,-1.366195617
NLA06608-R326,516347,1,YES,SEDT,P,1,10.56348021
NLA06608-R328,511977,1,YES,SEDT,P,1,6.566617557
NLA06608-R333,516247,1,YES,SEDT,P,1,-8.982172127
NLA06608-R336,512277,1,YES,SEDT,P,1,-0.97625547
NLA06608-R5:KATHRYN,512127,1,YES,SEDT,P,1,4.012594146
NLA06608-R5:KATHRYN,512128,1,YES,SEDB,P,,1.133518539
NLA06608-R5:OTTAWA,503587,1,YES,SEDT,P,1,-11.49711554
NLA06608-R5:OTTAWA,503588,1,YES,SEDB,P,,0.837333616
NLA06608-R7101,515497,1,YES,SEDT,P,1,-14.8858278
NLA06608-R7101,515498,1,YES,SEDB,P,,-18.98750644
NLA06608-R7103,515647,1,YES,SEDT,P,1,-20.12803293
NLA06608-R7103,515648,1,YES,SEDB,P,,-15.51855768
NLA06608-R7104,515437,1,YES,SEDT,P,1,-26.04641898
NLA06608-R7104,515438,1,YES,SEDB,P,,-17.88968403
NLA06608-R7106,515447,1,YES,SEDT,P,1,-27.10966298
NLA06608-R715,512657,1,YES,SEDT,P,1,-12.88190975
NLA06608-R715,512658,1,YES,SEDB,P,,-35.29974378
NLA06608-R716,512497,1,YES,SEDT,P,1,-16.22620237
NLA06608-R716,512498,1,YES,SEDB,P,,-6.406183089
NLA06608-R723,508647,1,YES,SEDT,P,1,-15.54367571
NLA06608-R728,511547,1,YES,SEDT,P,1,-20.40752483
NLA06608-R730,508668,1,YES,SEDT,P,1,-13.86289707
NLA06608-R733,508547,1,YES,SEDT,P,1,-6.029057789
NLA06608-R736,508867,1,YES,SEDT,P,1,-13.94829775
NLA06608-R746,508638,1,YES,SEDT,P,1,-9.167669144
NLA06608-R750,508627,1,YES,SEDT,P,1,-1.322088756
NLA06608-R759,508658,1,YES,SEDT,P,1,5.129822525
NLA06608-R764,508717,1,YES,SEDT,P,1,-3.336285446
NLA06608-R767,503197,1,YES,SEDT,P,1,0.623395293
NLA06608-R769,512667,1,YES,SEDT,P,1,6.068473176
NLA06608-R770,512338,1,YES,SEDT,P,1,1.887525666
NLA06608-R772,512547,1,YES,SEDT,P,1,17.64874049
NLA06608-R775,508067,1,YES,SEDT,P,1,-13.74467447
NLA06608-R784,515547,1,YES,SEDT,P,1,7.479963176
NLA06608-R788,515707,1,YES,SEDT,P,1,-25.02923694
NLA06608-R791,515517,1,YES,SEDT,P,1,-18.69632048
NLA06608-R791,515518,1,YES,SEDB,P,,-30.39255564
NLA06608-R792,515507,1,YES,SEDT,P,1,-21.73591946
NLA06608-R792,515508,1,YES,SEDB,P,,-21.81592165
NLA06608-R796,512637,1,YES,SEDT,P,1,-18.04407215
NLA06608-R796,512638,1,YES,SEDB,P,,-13.20440395
NLA06608-TX:10,516897,1,YES,SEDT,P,1,10.50866124
NLA06608-TX:22,516787,1,YES,SEDT,P,1,8.409469363
NLA06608-TX:30,516718,1,YES,SEDT,P,1,-17.72042194
NLA06608-WI:LOWES,503557,1,YES,SEDT,P,1,-5.314743747
NLA06608-WI:LOWES,503558,1,YES,SEDB,P,,-6.605148035
NLA06608-WI:SY,503577,1,YES,SEDT,P,1,-10.83994508
NLA06608-WI:SY,503578,1,YES,SEDB,P,,-17.81844484
