SITE_ID,VISIT_NO,DO2_2M
NLA06608-0001,1,8.233333333
NLA06608-0002,1,
NLA06608-0002,2,
NLA06608-0003,1,8.1
NLA06608-0003,2,9
NLA06608-0004,1,6.666666667
NLA06608-0004,2,6.1
NLA06608-0005,1,8.043333333
NLA06608-0005,2,7.7
NLA06608-0006,1,8.586666667
NLA06608-0006,2,8.613333333
NLA06608-0007,1,8.196666667
NLA06608-0007,2,8.31
NLA06608-0008,1,6.2
NLA06608-0008,2,5.466666667
NLA06608-0010,1,9.933333333
NLA06608-0010,2,8.933333333
NLA06608-0012,1,5.4
NLA06608-0012,2,6.87
NLA06608-0013,1,
NLA06608-0013,2,
NLA06608-0014,1,7.7
NLA06608-0014,2,8.4
NLA06608-0015,1,7.6
NLA06608-0015,2,7.5
NLA06608-0016,1,7.133333333
NLA06608-0016,2,7.5
NLA06608-0019,1,4.75
NLA06608-0019,2,6.7
NLA06608-0020,1,8.5
NLA06608-0020,2,7.5
NLA06608-0021,1,8.8
NLA06608-0021,2,8.2
NLA06608-0023,1,7.8
NLA06608-0023,2,8.2
NLA06608-0024,1,7
NLA06608-0024,2,8.1
NLA06608-0025,1,
NLA06608-0025,2,
NLA06608-0029,1,8.35
NLA06608-0029,2,10.1
NLA06608-0031,1,7.3
NLA06608-0031,2,5.033333333
NLA06608-0033,1,1.05
NLA06608-0033,2,2.15
NLA06608-0036,1,8.333333333
NLA06608-0036,2,8.133333333
NLA06608-0037,1,8.966666667
NLA06608-0037,2,8.986666667
NLA06608-0038,1,8.6
NLA06608-0038,2,8.3
NLA06608-0041,1,11.69666667
NLA06608-0041,2,6.4
NLA06608-0042,1,8.966666667
NLA06608-0042,2,7.866666667
NLA06608-0043,1,8
NLA06608-0043,2,8.066666667
NLA06608-0044,1,7.55
NLA06608-0044,2,10.15
NLA06608-0045,1,9.63
NLA06608-0045,2,6.533333333
NLA06608-0048,1,5.466666667
NLA06608-0048,2,6.675
NLA06608-0049,1,8.25
NLA06608-0050,1,7.8
NLA06608-0050,2,8.333333333
NLA06608-0053,1,7.55
NLA06608-0053,2,8.133333333
NLA06608-0057,1,
NLA06608-0057,2,
NLA06608-0061,1,8.433333333
NLA06608-0061,2,7.766666667
NLA06608-0062,1,8.2
NLA06608-0062,2,8.033333333
NLA06608-0064,1,8.4
NLA06608-0064,2,6.8
NLA06608-0065,1,8.633333333
NLA06608-0065,2,9.8
NLA06608-0066,1,7.766666667
NLA06608-0066,2,7.166666667
NLA06608-0068,1,7.666666667
NLA06608-0068,2,7.2
NLA06608-0069,1,6.75
NLA06608-0069,2,6.685
NLA06608-0071,1,4.513333333
NLA06608-0071,2,6.016666667
NLA06608-0072,1,5.65
NLA06608-0072,2,7.066666667
NLA06608-0073,1,7.2
NLA06608-0073,2,6.966666667
NLA06608-0076,1,6.866666667
NLA06608-0076,2,10.4
NLA06608-0077,1,
NLA06608-0077,2,
NLA06608-0078,1,7.235
NLA06608-0078,2,8.5
NLA06608-0079,1,7.1
NLA06608-0079,2,7.7
NLA06608-0080,1,8.3
NLA06608-0080,2,7.725
NLA06608-0081,1,7.666666667
NLA06608-0081,2,8.6
NLA06608-0083,1,6.453333333
NLA06608-0083,2,6.715
NLA06608-0085,1,6.4
NLA06608-0085,2,6.9
NLA06608-0086,1,10.36666667
NLA06608-0086,2,8.833333333
NLA06608-0089,1,
NLA06608-0089,2,
NLA06608-0090,1,7.466666667
NLA06608-0090,2,7.1
NLA06608-0091,1,7.125
NLA06608-0091,2,5.8
NLA06608-0099,1,9.166666667
NLA06608-0099,2,8.3
NLA06608-0101,1,8.266666667
NLA06608-0102,1,8.6
NLA06608-0104,1,7.1
NLA06608-0104,2,8.4
NLA06608-0105,1,7.87
NLA06608-0105,2,8.76
NLA06608-0107,1,5.466666667
NLA06608-0110,1,9.213333333
NLA06608-0111,1,8.846666667
NLA06608-0112,1,10.33333333
NLA06608-0113,1,9
NLA06608-0115,1,9.733333333
NLA06608-0116,1,6.566666667
NLA06608-0120,1,5.08
NLA06608-0120,2,4.643333333
NLA06608-0124,1,11.2
NLA06608-0126,1,14.23333333
NLA06608-0126,2,6.4
NLA06608-0127,1,8.633333333
NLA06608-0128,1,3.066666667
NLA06608-0128,2,9.45
NLA06608-0129,1,7.8
NLA06608-0129,2,9.3
NLA06608-0130,1,6.6
NLA06608-0132,1,6.283333333
NLA06608-0134,1,8.2
NLA06608-0137,1,8.8
NLA06608-0139,1,7.133333333
NLA06608-0140,1,8.255
NLA06608-0141,1,7.5
NLA06608-0142,1,7.733333333
NLA06608-0144,1,6.433333333
NLA06608-0144,2,4.466666667
NLA06608-0148,1,7.266666667
NLA06608-0149,1,8
NLA06608-0150,1,9.672
NLA06608-0152,1,
NLA06608-0153,1,6.275
NLA06608-0155,1,10.16666667
NLA06608-0158,1,8.53
NLA06608-0161,1,7.25
NLA06608-0162,1,8.15
NLA06608-0167,1,5.7
NLA06608-0167,2,1.05
NLA06608-0168,1,6.266666667
NLA06608-0169,1,10.3
NLA06608-0169,2,11.35333333
NLA06608-0170,1,8.95
NLA06608-0173,1,6.6
NLA06608-0174,1,8.833333333
NLA06608-0174,2,8.233333333
NLA06608-0175,1,6.433333333
NLA06608-0176,1,4.3
NLA06608-0177,1,8.633333333
NLA06608-0179,1,8.82
NLA06608-0179,2,5.435
NLA06608-0180,1,7.603333333
NLA06608-0181,1,7.766666667
NLA06608-0183,1,12.66666667
NLA06608-0184,1,5.933333333
NLA06608-0185,1,7.166666667
NLA06608-0189,1,9.823333333
NLA06608-0189,2,9.285
NLA06608-0190,1,7.833333333
NLA06608-0191,1,
NLA06608-0193,1,11.53333333
NLA06608-0195,1,9.08
NLA06608-0196,1,12.3
NLA06608-0198,1,8.754
NLA06608-0201,1,6.933333333
NLA06608-0203,1,7.4
NLA06608-0204,1,7.755
NLA06608-0207,1,6.675
NLA06608-0207,2,7.19
NLA06608-0208,1,4.875
NLA06608-0209,1,9
NLA06608-0209,2,9.8
NLA06608-0211,1,5.8
NLA06608-0212,1,6.5
NLA06608-0215,1,7.866666667
NLA06608-0216,1,7.315
NLA06608-0217,1,
NLA06608-0219,1,9.5
NLA06608-0220,1,1.8
NLA06608-0221,1,8.466666667
NLA06608-0222,1,8.375
NLA06608-0223,1,7.7
NLA06608-0223,2,5.53
NLA06608-0224,1,6.633333333
NLA06608-0224,2,8.1
NLA06608-0225,1,8.143333333
NLA06608-0225,2,8.1
NLA06608-0226,1,7.55
NLA06608-0228,1,7.4
NLA06608-0228,2,8
NLA06608-0229,1,8.7
NLA06608-0234,1,7.166666667
NLA06608-0235,1,10.26666667
NLA06608-0237,1,6.5
NLA06608-0237,2,7
NLA06608-0238,1,8.433333333
NLA06608-0239,1,4.733333333
NLA06608-0240,1,7.7
NLA06608-0241,1,5.5
NLA06608-0242,1,7.62
NLA06608-0243,1,7.9
NLA06608-0244,1,7.5
NLA06608-0245,1,9.7
NLA06608-0247,1,8.475
NLA06608-0253,1,6.66
NLA06608-0254,1,10.93333333
NLA06608-0255,1,7.34
NLA06608-0257,1,9.6
NLA06608-0259,1,5.2
NLA06608-0260,1,7.5
NLA06608-0268,1,6.55
NLA06608-0271,1,
NLA06608-0275,1,8.456666667
NLA06608-0276,1,7.033333333
NLA06608-0277,1,6.4
NLA06608-0279,1,8.6
NLA06608-0280,1,4.266666667
NLA06608-0281,1,
NLA06608-0283,1,5.466666667
NLA06608-0284,1,6.44
NLA06608-0285,1,10.85
NLA06608-0286,1,7.933333333
NLA06608-0290,1,6.6
NLA06608-0290,2,8.6
NLA06608-0291,1,10.325
NLA06608-0293,1,11.13333333
NLA06608-0294,1,8.566666667
NLA06608-0295,1,6.75
NLA06608-0297,1,
NLA06608-0299,1,8.5
NLA06608-0302,1,13.05
NLA06608-0303,1,8.593333333
NLA06608-0306,1,7.15
NLA06608-0312,1,10.1
NLA06608-0313,1,
NLA06608-0318,1,10.56666667
NLA06608-0319,1,
NLA06608-0324,1,7.175
NLA06608-0325,1,8.2
NLA06608-0326,1,8.056666667
NLA06608-0327,1,5.1
NLA06608-0328,1,9.65
NLA06608-0328,2,6.6
NLA06608-0330,1,7
NLA06608-0332,1,7.97
NLA06608-0333,1,6.9
NLA06608-0334,1,7
NLA06608-0337,1,9.4
NLA06608-0339,1,8.533333333
NLA06608-0340,1,8.5
NLA06608-0341,1,8.436666667
NLA06608-0343,1,6.7
NLA06608-0344,1,10.7
NLA06608-0345,1,9.233333333
NLA06608-0350,1,8.766666667
NLA06608-0354,1,7.79
NLA06608-0356,1,
NLA06608-0357,1,8.185
NLA06608-0358,1,8.7
NLA06608-0359,1,7.5
NLA06608-0361,1,
NLA06608-0363,1,8.966666667
NLA06608-0366,1,11.93333333
NLA06608-0367,1,7.433333333
NLA06608-0369,1,7.9
NLA06608-0372,1,7.333333333
NLA06608-0373,1,7.933333333
NLA06608-0376,1,6.4925
NLA06608-0377,1,11.03333333
NLA06608-0378,1,9.133333333
NLA06608-0384,1,8.9
NLA06608-0385,1,8.2
NLA06608-0386,1,3.106666667
NLA06608-0388,1,
NLA06608-0388,2,
NLA06608-0393,1,9.333333333
NLA06608-0395,1,7.1
NLA06608-0399,1,6.8
NLA06608-0401,1,10.06
NLA06608-0402,1,8.4
NLA06608-0402,2,9.85
NLA06608-0403,1,9.295
NLA06608-0405,1,8.78
NLA06608-0406,1,8.5
NLA06608-0407,1,7.95
NLA06608-0408,1,6.6
NLA06608-0413,1,8.175
NLA06608-0414,1,4.1
NLA06608-0418,1,7.45
NLA06608-0421,1,9.676666667
NLA06608-0425,1,4.8
NLA06608-0426,1,9.566666667
NLA06608-0432,1,5.723333333
NLA06608-0433,1,8.666666667
NLA06608-0435,1,5.206666667
NLA06608-0436,1,8.1
NLA06608-0439,1,4.7
NLA06608-0440,1,5.046666667
NLA06608-0442,1,6.6
NLA06608-0444,1,
NLA06608-0445,1,8.766666667
NLA06608-0447,1,
NLA06608-0449,1,11.33333333
NLA06608-0452,1,8.366666667
NLA06608-0453,1,7.2
NLA06608-0454,1,8.323333333
NLA06608-0456,1,6.8
NLA06608-0458,1,6.84
NLA06608-0459,1,8.466666667
NLA06608-0462,1,8.266666667
NLA06608-0463,1,6.166666667
NLA06608-0467,1,8.4125
NLA06608-0468,1,7.5
NLA06608-0469,1,8.3
NLA06608-0470,1,8.633333333
NLA06608-0471,1,8.366666667
NLA06608-0472,1,3.203333333
NLA06608-0473,1,
NLA06608-0479,1,6.5
NLA06608-0480,1,6.6
NLA06608-0480,2,8.133333333
NLA06608-0483,1,7.5
NLA06608-0484,1,4.5
NLA06608-0488,1,7.1
NLA06608-0489,1,12
NLA06608-0491,1,5.9
NLA06608-0493,1,8.875
NLA06608-0494,1,7.4
NLA06608-0495,1,8
NLA06608-0496,1,10.8
NLA06608-0497,1,6.6
NLA06608-0498,1,11.66666667
NLA06608-0500,1,7.333333333
NLA06608-0501,1,9.533333333
NLA06608-0502,1,8.7
NLA06608-0503,1,4.833333333
NLA06608-0508,1,7.41
NLA06608-0509,1,7.7
NLA06608-0510,1,6.493333333
NLA06608-0511,1,6.7
NLA06608-0512,1,7.375
NLA06608-0514,1,8.276666667
NLA06608-0515,1,2.97
NLA06608-0523,1,7.263333333
NLA06608-0526,1,7.59
NLA06608-0528,1,5.733333333
NLA06608-0529,1,9.9
NLA06608-0530,1,5.423333333
NLA06608-0531,1,8.295
NLA06608-0533,1,9.363333333
NLA06608-0537,1,9.533333333
NLA06608-0540,1,8.12
NLA06608-0541,1,8.84
NLA06608-0542,1,8.705
NLA06608-0546,1,11.32333333
NLA06608-0547,1,8.7
NLA06608-0550,1,8.6
NLA06608-0551,1,6.103333333
NLA06608-0555,1,8.233333333
NLA06608-0558,1,5.05
NLA06608-0560,1,7.333333333
NLA06608-0561,1,7.7
NLA06608-0562,1,7.532
NLA06608-0562,2,7.354
NLA06608-0564,1,8.2
NLA06608-0565,1,15.575
NLA06608-0569,1,9.05
NLA06608-0570,1,7.8
NLA06608-0579,1,7.7
NLA06608-0580,1,8.7
NLA06608-0581,1,8.133333333
NLA06608-0582,1,6.766666667
NLA06608-0583,1,0.8
NLA06608-0585,1,8.05
NLA06608-0587,1,6.533333333
NLA06608-0587,2,6.133333333
NLA06608-0588,1,6.65
NLA06608-0590,1,7.145
NLA06608-0591,1,7.623333333
NLA06608-0593,1,9.066666667
NLA06608-0594,1,5.82
NLA06608-0595,1,6.45
NLA06608-0596,1,7.166666667
NLA06608-0597,1,7.466666667
NLA06608-0599,1,6.7
NLA06608-0606,1,9.833333333
NLA06608-0608,1,6.133333333
NLA06608-0609,1,7.75
NLA06608-0610,1,8.933333333
NLA06608-0611,1,9.9
NLA06608-0614,1,9.1
NLA06608-0616,1,8.396666667
NLA06608-0617,1,6.975
NLA06608-0618,1,6.1
NLA06608-0619,1,10.23333333
NLA06608-0622,1,
NLA06608-0623,1,8
NLA06608-0624,1,13.76666667
NLA06608-0625,1,7.166666667
NLA06608-0627,1,8.733333333
NLA06608-0628,1,7.866666667
NLA06608-0630,1,9.6
NLA06608-0632,1,7.53
NLA06608-0634,1,5.3
NLA06608-0635,1,7.033333333
NLA06608-0637,1,6.8
NLA06608-0641,1,9.966666667
NLA06608-0648,1,8.5
NLA06608-0649,1,7.5
NLA06608-0650,1,6.9
NLA06608-0651,1,10.13333333
NLA06608-0654,1,7.5
NLA06608-0657,1,9.543333333
NLA06608-0658,1,8.933333333
NLA06608-0659,1,6.893333333
NLA06608-0660,1,6.8
NLA06608-0661,1,8.933333333
NLA06608-0662,1,1.35
NLA06608-0663,1,11.7
NLA06608-0665,1,
NLA06608-0671,1,5.98
NLA06608-0672,1,13.05
NLA06608-0674,1,8.05
NLA06608-0677,1,6.833333333
NLA06608-0678,1,9.7
NLA06608-0679,1,9.6
NLA06608-0681,1,12.62333333
NLA06608-0686,1,3.95
NLA06608-0687,1,8.066666667
NLA06608-0690,1,6.708
NLA06608-0690,2,6.826
NLA06608-0692,1,9.266666667
NLA06608-0693,1,8.766666667
NLA06608-0696,1,7.24
NLA06608-0707,1,6.075
NLA06608-0709,1,5.31
NLA06608-0710,1,7.934
NLA06608-0711,1,6.076666667
NLA06608-0712,1,7.7
NLA06608-0713,1,8
NLA06608-0715,1,8.2
NLA06608-0717,1,9.933333333
NLA06608-0718,1,5.965
NLA06608-0720,1,8.113333333
NLA06608-0721,1,10.33333333
NLA06608-0723,1,6.5
NLA06608-0724,1,6.4
NLA06608-0726,1,9.233333333
NLA06608-0727,1,11.8
NLA06608-0731,1,8.3
NLA06608-0733,1,8.2
NLA06608-0734,1,8.2
NLA06608-0738,1,8.25
NLA06608-0743,1,7.9
NLA06608-0744,1,12.6
NLA06608-0749,1,4.333333333
NLA06608-0751,1,7.4
NLA06608-0753,1,8.833333333
NLA06608-0754,1,8.392
NLA06608-0755,1,10.8
NLA06608-0756,1,6.916666667
NLA06608-0759,1,10.8
NLA06608-0761,1,
NLA06608-0762,1,9.125
NLA06608-0764,1,8.233333333
NLA06608-0765,1,6.63
NLA06608-0766,1,9.39
NLA06608-0769,1,8.566666667
NLA06608-0770,1,9.4
NLA06608-0771,1,7.6
NLA06608-0775,1,7.166666667
NLA06608-0779,1,5.35
NLA06608-0781,1,10.5
NLA06608-0782,1,8.72
NLA06608-0783,1,6.2
NLA06608-0785,1,8.3
NLA06608-0792,1,9.166666667
NLA06608-0793,1,14.64
NLA06608-0794,1,10.9
NLA06608-0794,2,7.4
NLA06608-0797,1,8.6
NLA06608-0802,1,4.966666667
NLA06608-0804,1,
NLA06608-0805,1,4.866666667
NLA06608-0806,1,8.366666667
NLA06608-0807,1,6.375
NLA06608-0808,1,4.3
NLA06608-0809,1,6.166666667
NLA06608-0811,1,8.4
NLA06608-0812,1,6.036666667
NLA06608-0815,1,6.536666667
NLA06608-0820,1,14.15
NLA06608-0823,1,8.69
NLA06608-0824,1,6.283333333
NLA06608-0825,1,7.5
NLA06608-0827,1,7
NLA06608-0828,1,4.305
NLA06608-0830,1,6.4
NLA06608-0831,1,
NLA06608-0833,1,8.2
NLA06608-0834,1,11.16666667
NLA06608-0836,1,11.7
NLA06608-0837,1,4.95
NLA06608-0842,1,7.733333333
NLA06608-0843,1,7.425
NLA06608-0846,1,8.633333333
NLA06608-0847,1,5.353333333
NLA06608-0849,1,9.4
NLA06608-0850,1,6.533333333
NLA06608-0851,1,9.15
NLA06608-0856,1,6.363333333
NLA06608-0857,1,
NLA06608-0859,1,8.9
NLA06608-0860,1,5.333333333
NLA06608-0860,2,3.733333333
NLA06608-0862,1,8.266666667
NLA06608-0863,1,7.233333333
NLA06608-0864,1,7.633333333
NLA06608-0865,1,8.25
NLA06608-0868,1,
NLA06608-0869,1,3.5
NLA06608-0870,1,10.53333333
NLA06608-0871,1,8.35
NLA06608-0872,1,7.166666667
NLA06608-0873,1,8.166666667
NLA06608-0874,1,12.3
NLA06608-0875,1,6.333333333
NLA06608-0877,1,8.32
NLA06608-0878,1,8.433333333
NLA06608-0880,1,7.825
NLA06608-0881,1,8.833333333
NLA06608-0885,1,5.3
NLA06608-0889,1,7.166666667
NLA06608-0890,1,8.2
NLA06608-0891,1,7.7
NLA06608-0893,1,7.6
NLA06608-0895,1,6.61
NLA06608-0899,1,11.36
NLA06608-0900,1,7.4
NLA06608-0904,1,7.3
NLA06608-0905,1,7.966666667
NLA06608-0906,1,8.466666667
NLA06608-0913,1,10.23333333
NLA06608-0914,1,8.066
NLA06608-0915,1,6.8
NLA06608-0916,1,7.34
NLA06608-0918,1,8.004
NLA06608-0921,1,
NLA06608-0922,1,8
NLA06608-0924,1,10.65
NLA06608-0925,1,8.2
NLA06608-0926,1,8.375
NLA06608-0927,1,7.44
NLA06608-0929,1,9.266666667
NLA06608-0930,1,8.9
NLA06608-0933,1,6.9
NLA06608-0934,1,8.3
NLA06608-0935,1,6.566666667
NLA06608-0938,1,8.533333333
NLA06608-0940,1,9.433333333
NLA06608-0942,1,8.9
NLA06608-0943,1,7.42
NLA06608-0944,1,5.566666667
NLA06608-0946,1,7.866666667
NLA06608-0950,1,7.783333333
NLA06608-0955,1,8.2
NLA06608-0957,1,7.78
NLA06608-0958,1,7.833333333
NLA06608-0961,1,7.666666667
NLA06608-0962,1,8.4
NLA06608-0967,1,5.2
NLA06608-0968,1,5.75
NLA06608-0970,1,10.5
NLA06608-0971,1,10
NLA06608-0972,1,5.27
NLA06608-0974,1,8.593333333
NLA06608-0979,1,6.966666667
NLA06608-0980,1,8.5
NLA06608-0982,1,8.4
NLA06608-0984,1,4.68
NLA06608-0986,1,6.98
NLA06608-0987,1,8.033333333
NLA06608-0989,1,7
NLA06608-0990,1,9.633333333
NLA06608-0993,1,8.33
NLA06608-0994,1,7.6
NLA06608-0996,1,10.8
NLA06608-0997,1,7.9
NLA06608-1001,1,
NLA06608-1002,1,11.7
NLA06608-1003,1,7.933333333
NLA06608-1005,1,2.2
NLA06608-1006,1,7.52
NLA06608-1007,1,9.166666667
NLA06608-1008,1,7.7
NLA06608-1010,1,11.72
NLA06608-1012,1,
NLA06608-1014,1,6.866666667
NLA06608-1015,1,8.166666667
NLA06608-1016,1,4.623333333
NLA06608-1018,1,8.13
NLA06608-1022,1,4.656666667
NLA06608-1024,1,3.433333333
NLA06608-1034,1,8.033333333
NLA06608-1035,1,6.066666667
NLA06608-1036,1,6.94
NLA06608-1037,1,
NLA06608-1038,1,7.426666667
NLA06608-1039,1,6.023333333
NLA06608-1041,1,7.3
NLA06608-1044,1,5.8
NLA06608-1045,1,7.266666667
NLA06608-1047,1,7.1
NLA06608-1052,1,9.063333333
NLA06608-1055,1,7.125
NLA06608-1056,1,7.8
NLA06608-1057,1,8.566666667
NLA06608-1058,1,8
NLA06608-1059,1,10.76666667
NLA06608-1060,1,10.3
NLA06608-1060,2,10.8
NLA06608-1070,1,6.846666667
NLA06608-1073,1,7.966666667
NLA06608-1075,1,8.195
NLA06608-1083,1,11.26666667
NLA06608-1086,1,8.4
NLA06608-1087,1,
NLA06608-1089,1,8.2
NLA06608-1091,1,8.75
NLA06608-1096,1,7.2
NLA06608-1100,1,7.906666667
NLA06608-1101,1,
NLA06608-1102,1,8.683333333
NLA06608-1103,1,3.483333333
NLA06608-1107,1,6.4
NLA06608-1108,1,13.93333333
NLA06608-1108,2,9.3
NLA06608-1111,1,5.5
NLA06608-1113,1,
NLA06608-1114,1,4.45
NLA06608-1115,1,8.966666667
NLA06608-1119,1,10.1
NLA06608-1120,1,7.066666667
NLA06608-1122,1,7.826666667
NLA06608-1124,1,11.66666667
NLA06608-1125,1,8.666666667
NLA06608-1129,1,8
NLA06608-1130,1,6.133333333
NLA06608-1131,1,9.133333333
NLA06608-1134,1,7.366666667
NLA06608-1141,1,9.273333333
NLA06608-1143,1,10.78
NLA06608-1145,1,7.266666667
NLA06608-1147,1,10.06666667
NLA06608-1148,1,2.9
NLA06608-1150,1,9.293333333
NLA06608-1151,1,7.05
NLA06608-1153,1,8.7
NLA06608-1155,1,6.4775
NLA06608-1162,1,8.3
NLA06608-1163,1,8.1
NLA06608-1164,1,5.96
NLA06608-1166,1,8.233333333
NLA06608-1167,1,9.466666667
NLA06608-1170,1,6.933333333
NLA06608-1172,1,7.266666667
NLA06608-1174,1,7.974
NLA06608-1175,1,7.25
NLA06608-1177,1,
NLA06608-1179,1,11.8
NLA06608-1181,1,
NLA06608-1183,1,6.033333333
NLA06608-1185,1,7.45
NLA06608-1189,1,8.183333333
NLA06608-1190,1,8.4
NLA06608-1191,1,2.5
NLA06608-1195,1,7.3
NLA06608-1198,1,9.066666667
NLA06608-1199,1,8.133333333
NLA06608-1204,1,7.566666667
NLA06608-1206,1,6.033333333
NLA06608-1207,1,8.733333333
NLA06608-1208,1,8
NLA06608-1208,2,4.95
NLA06608-1209,1,7.34
NLA06608-1210,1,6.8
NLA06608-1217,1,5.55
NLA06608-1219,1,8.1
NLA06608-1220,1,5.533333333
NLA06608-1222,1,8.808
NLA06608-1223,1,7.75
NLA06608-1224,1,9.3
NLA06608-1227,1,8.466666667
NLA06608-1232,1,6.7
NLA06608-1236,1,6.35
NLA06608-1238,1,8.32
NLA06608-1239,1,6.6
NLA06608-1240,1,6.294
NLA06608-1241,1,
NLA06608-1242,1,8.366666667
NLA06608-1243,1,7.7
NLA06608-1244,1,7.466666667
NLA06608-1245,1,
NLA06608-1255,1,2.16
NLA06608-1256,1,5.7
NLA06608-1258,1,7.3
NLA06608-1259,1,8.566666667
NLA06608-1261,1,10.15
NLA06608-1262,1,9.333333333
NLA06608-1263,1,
NLA06608-1266,1,7
NLA06608-1268,1,7.133333333
NLA06608-1269,1,21
NLA06608-1270,1,10.76666667
NLA06608-1271,1,8.7
NLA06608-1273,1,
NLA06608-1274,1,8.333333333
NLA06608-1278,1,8.72
NLA06608-1279,1,8.3
NLA06608-1281,1,8.433333333
NLA06608-1283,1,5.4
NLA06608-1284,1,6.733333333
NLA06608-1288,1,8.133333333
NLA06608-1292,1,7.29
NLA06608-1295,1,6.9
NLA06608-1297,1,10.8
NLA06608-1300,1,7.566666667
NLA06608-1303,1,5.25
NLA06608-1312,1,8.4
NLA06608-1316,1,
NLA06608-1319,1,5.466666667
NLA06608-1321,1,7.02
NLA06608-1323,1,9.933333333
NLA06608-1326,1,6.9
NLA06608-1329,1,6.65
NLA06608-1332,1,
NLA06608-1333,1,8.07
NLA06608-1334,1,8.233333333
NLA06608-1334,2,8.433333333
NLA06608-1336,1,6.685
NLA06608-1338,1,8
NLA06608-1339,1,3.166666667
NLA06608-1342,1,8.275
NLA06608-1344,1,7.2
NLA06608-1346,1,6.796666667
NLA06608-1347,1,8.133333333
NLA06608-1348,1,8.333333333
NLA06608-1349,1,7.705
NLA06608-1354,1,8.8
NLA06608-1355,1,8.366666667
NLA06608-1355,2,7.466666667
NLA06608-1356,1,6.895
NLA06608-1358,1,8.533333333
NLA06608-1358,2,9.633333333
NLA06608-1359,1,7.233333333
NLA06608-1360,1,8.133333333
NLA06608-1364,1,2.6
NLA06608-1365,1,6.3
NLA06608-1367,1,5.49
NLA06608-1368,1,5.8
NLA06608-1369,1,
NLA06608-1370,1,8.533333333
NLA06608-1372,1,7.1975
NLA06608-1375,1,6.133333333
NLA06608-1376,1,8.366666667
NLA06608-1377,1,6.533333333
NLA06608-1380,1,8.4
NLA06608-1383,1,6.9
NLA06608-1387,1,7.666666667
NLA06608-1389,1,10.5
NLA06608-1389,2,12.2
NLA06608-1390,1,9.5
NLA06608-1391,1,7.836666667
NLA06608-1396,1,7.9
NLA06608-1397,1,12.4
NLA06608-1398,1,7.95
NLA06608-1401,1,10
NLA06608-1403,1,7.4
NLA06608-1413,1,7.333333333
NLA06608-1414,1,8.37
NLA06608-1417,1,9.1
NLA06608-1420,1,7.155
NLA06608-1421,1,11.83333333
NLA06608-1425,1,8.3
NLA06608-1426,1,8.9
NLA06608-1432,1,
NLA06608-1434,1,8.166666667
NLA06608-1435,1,8.95
NLA06608-1436,1,7.8
NLA06608-1439,1,7.6
NLA06608-1445,1,3.2
NLA06608-1446,1,7.95
NLA06608-1447,1,10.16666667
NLA06608-1450,1,8.766666667
NLA06608-1454,1,6.166666667
NLA06608-1455,1,7.45
NLA06608-1460,1,7.733333333
NLA06608-1461,1,8.833333333
NLA06608-1462,1,4.4
NLA06608-1465,1,7.366666667
NLA06608-1469,1,5.94
NLA06608-1473,1,7.8
NLA06608-1476,1,5.55
NLA06608-1481,1,9.833333333
NLA06608-1482,1,7.05
NLA06608-1483,1,6.633333333
NLA06608-1484,1,6.133333333
NLA06608-1487,1,6.833333333
NLA06608-1488,1,7.82
NLA06608-1489,1,9.3
NLA06608-1492,1,8.366666667
NLA06608-1496,1,4.4
NLA06608-1499,1,7.2
NLA06608-1504,1,6.4
NLA06608-1508,1,4.966666667
NLA06608-1510,1,6.6
NLA06608-1511,1,8.7
NLA06608-1515,1,10.2
NLA06608-1517,1,6.375
NLA06608-1521,1,7.9
NLA06608-1524,1,7.04
NLA06608-1527,1,8.05
NLA06608-1529,1,8.333333333
NLA06608-1532,1,14.63333333
NLA06608-1537,1,10.02666667
NLA06608-1538,1,8.5
NLA06608-1544,1,8.1
NLA06608-1556,1,7.533333333
NLA06608-1558,1,8.343333333
NLA06608-1560,1,5.866666667
NLA06608-1561,1,9.4
NLA06608-1562,1,8.4
NLA06608-1564,1,4.11
NLA06608-1568,1,6.335
NLA06608-1569,1,7.933333333
NLA06608-1572,1,
NLA06608-1575,1,10.83333333
NLA06608-1576,1,7.25
NLA06608-1577,1,7.866666667
NLA06608-1578,1,8
NLA06608-1579,1,7.633333333
NLA06608-1586,1,7.843333333
NLA06608-1593,1,8.033333333
NLA06608-1595,1,7.733333333
NLA06608-1596,1,13.1
NLA06608-1600,1,7.133333333
NLA06608-1602,1,9.1
NLA06608-1608,1,4.633333333
NLA06608-1610,1,7.733333333
NLA06608-1617,1,7.9
NLA06608-1623,1,4.366666667
NLA06608-1626,1,7.8
NLA06608-1630,1,8.133333333
NLA06608-1631,1,6.166666667
NLA06608-1633,1,7.366666667
NLA06608-1637,1,8.9
NLA06608-1638,1,7.533333333
NLA06608-1640,1,7.666666667
NLA06608-1641,1,7.566666667
NLA06608-1643,1,7.966666667
NLA06608-1652,1,9.3
NLA06608-1654,1,7.953333333
NLA06608-1655,1,6.3
NLA06608-1668,1,8.9
NLA06608-1672,1,8.133333333
NLA06608-1674,1,7.333333333
NLA06608-1675,1,6.5
NLA06608-1679,1,7.233333333
NLA06608-1684,1,7.766666667
NLA06608-1684,2,5.7
NLA06608-1687,1,7.766666667
NLA06608-1690,1,8
NLA06608-1695,1,6.966666667
NLA06608-1703,1,7.333333333
NLA06608-1704,1,7.6
NLA06608-1706,1,10.33333333
NLA06608-1707,1,8.533333333
NLA06608-1711,1,7.163333333
NLA06608-1715,1,7.7
NLA06608-1717,1,8.866666667
NLA06608-1719,1,5.9
NLA06608-1723,1,7.833333333
NLA06608-1724,1,12.7
NLA06608-1733,1,6.966666667
NLA06608-1735,1,
NLA06608-1736,1,7.55
NLA06608-1739,1,7.466666667
NLA06608-1740,1,6.066666667
NLA06608-1741,1,16.2
NLA06608-1742,1,8.9
NLA06608-1748,1,7.1
NLA06608-1753,1,12.235
NLA06608-1755,1,5.4
NLA06608-1758,1,8.9
NLA06608-1771,1,8.2
NLA06608-1775,1,
NLA06608-1781,1,11.63333333
NLA06608-1782,1,8.4
NLA06608-1789,1,8.166666667
NLA06608-1791,1,9
NLA06608-1793,1,8.3
NLA06608-1800,1,6.95
NLA06608-1802,1,7.266666667
NLA06608-1804,1,7.97
NLA06608-1808,1,5.075
NLA06608-1810,1,6.41
NLA06608-1811,1,7.18
NLA06608-1812,1,
NLA06608-1818,1,7
NLA06608-1821,1,5.3
NLA06608-1824,1,11.5
NLA06608-1825,1,7.17
NLA06608-1835,1,9.466666667
NLA06608-1836,1,8.966666667
NLA06608-1839,1,3
NLA06608-1840,1,7.823333333
NLA06608-1851,1,6.966666667
NLA06608-1856,1,5.345
NLA06608-1857,1,7.4
NLA06608-1861,1,7.75
NLA06608-1862,1,7.1
NLA06608-1863,1,5.73
NLA06608-1866,1,9.55
NLA06608-1867,1,6.3
NLA06608-1868,1,7.57
NLA06608-1871,1,7.4
NLA06608-1873,1,9.1
NLA06608-1874,1,7.433333333
NLA06608-1879,1,6.633333333
NLA06608-1884,1,8.4
NLA06608-1893,1,6.3
NLA06608-1894,1,7.725
NLA06608-1906,1,7.355
NLA06608-1908,1,7.266666667
NLA06608-1910,1,8.65
NLA06608-1930,1,9.4
NLA06608-1936,1,4.9
NLA06608-1948,1,10.1
NLA06608-1953,1,9.433333333
NLA06608-1958,1,8.7
NLA06608-1959,1,8.3
NLA06608-1960,1,5.99
NLA06608-1968,1,11
NLA06608-1975,1,7.4
NLA06608-1985,1,7.75
NLA06608-1989,1,7.266666667
NLA06608-1992,1,6.733333333
NLA06608-1998,1,7.4
NLA06608-1998,2,8.133333333
NLA06608-2005,1,5.25
NLA06608-2007,1,8.15
NLA06608-2010,1,7.716666667
NLA06608-2027,1,8.9
NLA06608-2036,1,7.533333333
NLA06608-2037,1,8.53
NLA06608-2039,1,9.95
NLA06608-2049,1,8.6
NLA06608-2056,1,5.166666667
NLA06608-2072,1,4.833333333
NLA06608-2074,1,8.2
NLA06608-2076,1,6.033333333
NLA06608-2078,1,8.4
NLA06608-2082,1,8.066666667
NLA06608-2086,1,8.3
NLA06608-2087,1,6.233333333
NLA06608-2091,1,8.333333333
NLA06608-2092,1,6.7
NLA06608-2094,1,7.9
NLA06608-2095,1,6.266666667
NLA06608-2103,1,6.65
NLA06608-2114,1,7.575
NLA06608-2117,1,8.94
NLA06608-2120,1,4.366666667
NLA06608-2123,1,7.493333333
NLA06608-2131,1,7.84
NLA06608-2134,1,9.25
NLA06608-2135,1,6.3
NLA06608-2152,1,6.633333333
NLA06608-2154,1,8
NLA06608-2155,1,9.133333333
NLA06608-2162,1,8.192
NLA06608-2170,1,5.216666667
NLA06608-2177,1,8.7
NLA06608-2185,1,7.033333333
NLA06608-2187,1,6.033333333
NLA06608-2193,1,8.5
NLA06608-2196,1,7.65
NLA06608-2217,1,8.333333333
NLA06608-2219,1,7.85
NLA06608-2241,1,8.933333333
NLA06608-2250,1,8.033333333
NLA06608-2253,1,9.25
NLA06608-2257,1,8.433333333
NLA06608-2266,1,7.566666667
NLA06608-2267,1,7.433333333
NLA06608-2283,1,8.133333333
NLA06608-2305,1,6.166666667
NLA06608-2322,1,7.6
NLA06608-2332,1,9.96
NLA06608-2333,1,10.05
NLA06608-2345,1,6.833333333
NLA06608-2354,1,9.164
NLA06608-2372,1,4.333333333
NLA06608-2379,1,7.033333333
NLA06608-2418,1,8.72
NLA06608-2426,1,8.6
NLA06608-2429,1,7.95
NLA06608-2438,1,7.75
NLA06608-2450,1,8.833333333
NLA06608-2453,1,6.833333333
NLA06608-2457,1,9.97
NLA06608-2463,1,7.513333333
NLA06608-2477,1,12.9
NLA06608-2481,1,8.466666667
NLA06608-2492,1,5.97
NLA06608-2497,1,7.9
NLA06608-2507,1,7.966666667
NLA06608-2513,1,10.13333333
NLA06608-2523,1,12.56666667
NLA06608-2524,1,5.116666667
NLA06608-2565,1,7.105
NLA06608-2566,1,7.98
NLA06608-2593,1,8.033333333
NLA06608-2629,1,8.1
NLA06608-2634,1,8.25
NLA06608-2640,1,7.903333333
NLA06608-2644,1,3.566666667
NLA06608-2655,1,13.15
NLA06608-2657,1,7.22
NLA06608-2663,1,8.5
NLA06608-2673,1,6.433333333
NLA06608-2685,1,6.733333333
NLA06608-2696,1,10.77666667
NLA06608-2704,1,6.903333333
NLA06608-2708,1,8.333333333
NLA06608-2714,1,6.866666667
NLA06608-2715,1,6.6
NLA06608-2726,1,8.1
NLA06608-2740,1,7.933333333
NLA06608-2753,1,9.166666667
NLA06608-2759,1,7.4
NLA06608-2776,1,4.433333333
NLA06608-2779,1,8
NLA06608-2797,1,8.666666667
NLA06608-2800,1,9.1
NLA06608-2801,1,6.733333333
NLA06608-2807,1,10
NLA06608-2823,1,6.716666667
NLA06608-2824,1,12.96666667
NLA06608-2831,1,7.866666667
NLA06608-2833,1,8.8
NLA06608-2874,1,8.033333333
NLA06608-2881,1,9.1
NLA06608-2889,1,7.6
NLA06608-2891,1,8.733333333
NLA06608-2916,1,6.233333333
NLA06608-2924,1,7.366666667
NLA06608-2954,1,7.2
NLA06608-2955,1,7.966666667
NLA06608-2972,1,8.6
NLA06608-2987,1,11
NLA06608-2996,1,6.4
NLA06608-3032,1,6.7
NLA06608-3035,1,7.966666667
NLA06608-3083,1,9
NLA06608-3096,1,7.633333333
NLA06608-3121,1,8.7
NLA06608-3147,1,6.9
NLA06608-3153,1,9.7
NLA06608-3157,1,7.633333333
NLA06608-3160,1,12.76666667
NLA06608-3169,1,8.183333333
NLA06608-3228,1,5.966666667
NLA06608-3265,1,10.06666667
NLA06608-3303,1,5
NLA06608-3313,1,6.7
NLA06608-3320,1,6.98
NLA06608-3329,1,6.9
NLA06608-3480,1,8.636666667
NLA06608-3484,1,6.9
NLA06608-3608,1,7.9
NLA06608-3616,1,6.74
NLA06608-3644,1,7
NLA06608-3656,1,2.05
NLA06608-3660,1,6.033333333
NLA06608-3698,1,7.366666667
NLA06608-3846,1,7.922
NLA06608-3890,1,8.308
NLA06608-3911,1,5.7
NLA06608-4056,1,8.146666667
NLA06608-4064,1,5.53
NLA06608-4206,1,7.443333333
NLA06608-4252,1,8.9
NLA06608-4320,1,4.523333333
NLA06608-4382,1,4.92
NLA06608-4413,1,7.72
NLA06608-4414,1,9.06
NLA06608-4440,1,9.006666667
NLA06608-4472,1,7.63
NLA06608-4504,1,7.118
NLA06608-4610,1,6.043333333
NLA06608-4643,1,5.9125
NLA06608-4650,1,6.02
NLA06608-4659,1,6.406666667
NLA06608-4686,1,6.6
NLA06608-4698,1,5.625
NLA06608-4828,1,6.8525
NLA06608-4929,1,7.056666667
NLA06608-4949,1,10.43666667
NLA06608-9999,1,8.066666667
NLA06608-ACAD_LAKES_0435,1,8.466
NLA06608-ALPS-1218,1,5.068
NLA06608-ALSC:020149,1,
NLA06608-ELS:1C2-032,1,10.06666667
NLA06608-ELS:1C3-003,1,7.848
NLA06608-ELS:1D1-035,1,8.025
NLA06608-ELS:1D2-087,1,7.4
NLA06608-ELS:1E1-052,1,8.42
NLA06608-ELS:1E1-096,1,7.31
NLA06608-ELS:1E1-128,1,7.854
NLA06608-ELS:1E2-027,1,8.75
NLA06608-ELS:1E3-002,1,8.433333333
NLA06608-ELS:1E3-012,1,9.22
NLA06608-ELS:1E3-071,1,8.765
NLA06608-ELS:2B2-008,1,7.166666667
NLA06608-ELS:2C2-048,1,7.866666667
NLA06608-ELS:2C3-018,1,8.033333333
NLA06608-ELS:2D3-008,1,7.433333333
NLA06608-EMAP:ME011L,1,8.868
NLA06608-EMAP:ME012L,1,
NLA06608-EMAP:ME254L,1,8.438
NLA06608-EMAP:ME263L,1,7.236
NLA06608-EMAP:ME518L,1,8.758
NLA06608-FL:107895579,1,
NLA06608-FL:16674741,1,
NLA06608-FL:18261987,1,
NLA06608-FL:99324403,1,
NLA06608-FL:99344895,1,
NLA06608-IN:646,1,8.133333333
NLA06608-MI:7007,1,7.466666667
NLA06608-MN:03-0029,1,7.566666667
NLA06608-MN:06-0002,1,11.35
NLA06608-MN:11-0102,1,8.266666667
NLA06608-MN:15-0010,1,8.633333333
NLA06608-MN:22-0074,1,6.933333333
NLA06608-MN:49-0140,1,8.433333333
NLA06608-MN:51-0063,1,8.2
NLA06608-MN:56-0306,1,8.6
NLA06608-MN:61-0037,1,8.7
NLA06608-MN:74-0023,1,5.533333333
NLA06608-MN:75-0200,1,9.166666667
NLA06608-MN:77-0019,1,8.266666667
NLA06608-MN:87-0030,1,6.166666667
NLA06608-NELP-0253,1,8.068
NLA06608-NELP-0955,1,9.422
NLA06608-NELP-1041,1,8.1375
NLA06608-NELP-1330,1,8.902
NLA06608-NELP-2155,1,9.102
NLA06608-NELP-3355,1,8.854
NLA06608-NELP-3586,1,8.966
NLA06608-NH250L,1,8.075
NLA06608-NH4912,1,8.133333333
NLA06608-NV:2,1,10.3
NLA06608-NV:3,1,9.566666667
NLA06608-NV:4,1,9.05
NLA06608-OH:19,1,10.2
NLA06608-OH:22,1,6.733333333
NLA06608-R10BULLTR,1,9.133333333
NLA06608-R10CAPEHO,1,9.033333333
NLA06608-R10CHARLT,1,13.83333333
NLA06608-R10COUNCI,1,11.63333333
NLA06608-R10DEERLA,1,8.266666667
NLA06608-R10FISHLA,1,8.666666667
NLA06608-R10FOURMI,1,8.133333333
NLA06608-R10RAINYL,1,9.266666667
NLA06608-R10SQUAWL,1,10.06666667
NLA06608-R10ULAKE,1,12.2
NLA06608-R10YELLOW,1,8.333333333
NLA06608-R31,1,9.3
NLA06608-R314,1,7.94
NLA06608-R315,1,6.433333333
NLA06608-R318,1,7.166666667
NLA06608-R319,1,3.55
NLA06608-R32,1,8.033333333
NLA06608-R322,1,7.233333333
NLA06608-R323,1,5.666666667
NLA06608-R324,1,7.6
NLA06608-R326,1,6.52
NLA06608-R328,1,6.933333333
NLA06608-R333,1,5.966666667
NLA06608-R334,1,7.45
NLA06608-R336,1,7.866666667
NLA06608-R34,1,8
NLA06608-R5:KATHRYN,1,8.166666667
NLA06608-R5:OTTAWA,1,7.8
NLA06608-R7101,1,10.7
NLA06608-R7103,1,7.55
NLA06608-R7104,1,8.15
NLA06608-R7106,1,7.3
NLA06608-R715,1,11.1
NLA06608-R716,1,9.266666667
NLA06608-R723,1,7.066666667
NLA06608-R728,1,7.5
NLA06608-R730,1,7.6
NLA06608-R733,1,8.1
NLA06608-R736,1,6.05
NLA06608-R746,1,6.366666667
NLA06608-R750,1,4.033333333
NLA06608-R759,1,7.763333333
NLA06608-R764,1,7.066666667
NLA06608-R767,1,7.413333333
NLA06608-R769,1,6.496666667
NLA06608-R770,1,6.156666667
NLA06608-R772,1,8.166666667
NLA06608-R775,1,8.7
NLA06608-R784,1,8.466666667
NLA06608-R788,1,6.1
NLA06608-R791,1,12.3
NLA06608-R792,1,13.3
NLA06608-R796,1,11.3
NLA06608-TX:10,1,4
NLA06608-TX:14,1,7.666666667
NLA06608-TX:15,1,6.266666667
NLA06608-TX:19,1,6.633333333
NLA06608-TX:22,1,6.233333333
NLA06608-TX:27,1,3.133333333
NLA06608-TX:29,1,5.3
NLA06608-TX:30,1,6.85
NLA06608-TX:5,1,6.103333333
NLA06608-WI:LOWES,1,10.03333333
NLA06608-WI:SY,1,10.43333333
